family_id,split
C01_S1_D1_F00001,train
C01_S1_D1_F00002,train
C01_S1_D1_F00003,train
C01_S1_D1_F00004,train
C01_S1_D1_F00005,train
C01_S1_D1_F00006,validation
C01_S1_D1_F00007,train
C01_S1_D1_F00008,validation
C01_S1_D1_F00009,train
C01_S1_D1_F00010,train
C01_S1_D1_F00011,test
C01_S1_D1_F00012,train
C01_S1_D1_F00013,test
C01_S1_D1_F00014,train
C01_S1_D1_F00015,test
C01_S1_D1_F00016,train
C01_S1_D1_F00017,train
C01_S1_D1_F00018,validation
C01_S1_D1_F00019,train
C01_S1_D1_F00020,train
C01_S1_D1_F00021,train
C01_S1_D1_F00022,train
C01_S1_D1_F00023,test
C01_S1_D1_F00024,validation
C01_S1_D1_F00025,validation
C01_S1_D1_F00026,train
C01_S1_D1_F00027,test
C01_S1_D1_F00028,train
C01_S1_D1_F00029,validation
C01_S1_D1_F00030,train
C01_S1_D1_F00031,test
C01_S1_D1_F00032,train
C01_S1_D1_F00033,train
C01_S1_D1_F00034,train
C01_S1_D1_F00035,train
C01_S1_D1_F00036,train
C01_S1_D1_F00037,train
C01_S1_D1_F00038,train
C01_S1_D1_F00039,train
C01_S1_D1_F00040,train
C01_S1_D2_F00001,test
C01_S1_D2_F00002,validation
C01_S1_D2_F00003,test
C01_S1_D2_F00004,train
C01_S1_D2_F00005,validation
C01_S1_D2_F00006,train
C01_S1_D2_F00007,train
C01_S1_D2_F00008,train
C01_S1_D2_F00009,train
C01_S1_D2_F00010,train
C01_S1_D2_F00011,train
C01_S1_D2_F00012,train
C01_S1_D2_F00013,train
C01_S1_D2_F00014,train
C01_S1_D2_F00015,test
C01_S1_D2_F00016,train
C01_S1_D2_F00017,validation
C01_S1_D2_F00018,train
C01_S1_D2_F00019,train
C01_S1_D2_F00020,train
C01_S1_D2_F00021,train
C01_S1_D2_F00022,train
C01_S1_D2_F00023,train
C01_S1_D2_F00024,train
C01_S1_D2_F00025,train
C01_S1_D2_F00026,train
C01_S1_D2_F00027,test
C01_S1_D2_F00028,validation
C01_S1_D2_F00029,train
C01_S1_D2_F00030,train
C01_S1_D2_F00031,train
C01_S1_D2_F00032,train
C01_S1_D2_F00033,train
C01_S1_D2_F00034,test
C01_S1_D2_F00035,validation
C01_S1_D2_F00036,train
C01_S1_D2_F00037,validation
C01_S1_D2_F00038,train
C01_S1_D2_F00039,train
C01_S1_D2_F00040,test
C01_S1_D3_F00001,train
C01_S1_D3_F00002,validation
C01_S1_D3_F00003,validation
C01_S1_D3_F00004,validation
C01_S1_D3_F00005,train
C01_S1_D3_F00006,train
C01_S1_D3_F00007,test
C01_S1_D3_F00008,train
C01_S1_D3_F00009,test
C01_S1_D3_F00010,train
C01_S1_D3_F00011,train
C01_S1_D3_F00012,train
C01_S1_D3_F00013,train
C01_S1_D3_F00014,train
C01_S1_D3_F00015,test
C01_S1_D3_F00016,train
C01_S1_D3_F00017,train
C01_S1_D3_F00018,train
C01_S1_D3_F00019,train
C01_S1_D3_F00020,train
C01_S1_D3_F00021,test
C01_S1_D3_F00022,test
C01_S1_D3_F00023,train
C01_S1_D3_F00024,validation
C01_S1_D3_F00025,train
C01_S1_D3_F00026,validation
C01_S1_D3_F00027,train
C01_S1_D3_F00028,train
C01_S1_D3_F00029,train
C01_S1_D3_F00030,train
C01_S1_D3_F00031,train
C01_S1_D3_F00032,validation
C01_S1_D3_F00033,train
C01_S1_D3_F00034,train
C01_S1_D3_F00035,train
C01_S1_D3_F00036,test
C01_S1_D3_F00037,train
C01_S1_D3_F00038,train
C01_S1_D3_F00039,train
C01_S1_D3_F00040,train
C01_S1_D4_F00001,train
C01_S1_D4_F00002,train
C01_S1_D4_F00003,train
C01_S1_D4_F00004,train
C01_S1_D4_F00005,test
C01_S1_D4_F00006,train
C01_S1_D4_F00007,train
C01_S1_D4_F00008,train
C01_S1_D4_F00009,train
C01_S1_D4_F00010,test
C01_S1_D4_F00011,validation
C01_S1_D4_F00012,train
C01_S1_D4_F00013,train
C01_S1_D4_F00014,train
C01_S1_D4_F00015,validation
C01_S1_D4_F00016,validation
C01_S1_D4_F00017,test
C01_S1_D4_F00018,train
C01_S1_D4_F00019,train
C01_S1_D4_F00020,train
C01_S1_D4_F00021,train
C01_S1_D4_F00022,train
C01_S1_D4_F00023,validation
C01_S1_D4_F00024,test
C01_S1_D4_F00025,train
C01_S1_D4_F00026,train
C01_S1_D4_F00027,train
C01_S1_D4_F00028,train
C01_S1_D4_F00029,validation
C01_S1_D4_F00030,test
C01_S1_D4_F00031,validation
C01_S1_D4_F00032,train
C01_S1_D4_F00033,train
C01_S1_D4_F00034,train
C01_S1_D4_F00035,train
C01_S1_D4_F00036,train
C01_S1_D4_F00037,test
C01_S1_D4_F00038,train
C01_S1_D4_F00039,train
C01_S1_D4_F00040,train
C01_S2_D1_F00001,train
C01_S2_D1_F00002,train
C01_S2_D1_F00003,train
C01_S2_D1_F00004,train
C01_S2_D1_F00005,validation
C01_S2_D1_F00006,test
C01_S2_D1_F00007,train
C01_S2_D1_F00008,train
C01_S2_D1_F00009,test
C01_S2_D1_F00010,train
C01_S2_D1_F00011,validation
C01_S2_D1_F00012,train
C01_S2_D1_F00013,train
C01_S2_D1_F00014,validation
C01_S2_D1_F00015,train
C01_S2_D1_F00016,train
C01_S2_D1_F00017,train
C01_S2_D1_F00018,test
C01_S2_D1_F00019,train
C01_S2_D1_F00020,train
C01_S2_D1_F00021,train
C01_S2_D1_F00022,train
C01_S2_D1_F00023,train
C01_S2_D1_F00024,train
C01_S2_D1_F00025,test
C01_S2_D1_F00026,train
C01_S2_D1_F00027,train
C01_S2_D1_F00028,train
C01_S2_D1_F00029,train
C01_S2_D1_F00030,test
C01_S2_D1_F00031,validation
C01_S2_D1_F00032,train
C01_S2_D1_F00033,train
C01_S2_D1_F00034,train
C01_S2_D1_F00035,train
C01_S2_D1_F00036,test
C01_S2_D1_F00037,train
C01_S2_D1_F00038,validation
C01_S2_D1_F00039,train
C01_S2_D1_F00040,validation
C01_S2_D2_F00001,train
C01_S2_D2_F00002,train
C01_S2_D2_F00003,train
C01_S2_D2_F00004,train
C01_S2_D2_F00005,test
C01_S2_D2_F00006,train
C01_S2_D2_F00007,train
C01_S2_D2_F00008,train
C01_S2_D2_F00009,train
C01_S2_D2_F00010,validation
C01_S2_D2_F00011,validation
C01_S2_D2_F00012,train
C01_S2_D2_F00013,test
C01_S2_D2_F00014,train
C01_S2_D2_F00015,train
C01_S2_D2_F00016,test
C01_S2_D2_F00017,train
C01_S2_D2_F00018,train
C01_S2_D2_F00019,train
C01_S2_D2_F00020,validation
C01_S2_D2_F00021,train
C01_S2_D2_F00022,train
C01_S2_D2_F00023,train
C01_S2_D2_F00024,test
C01_S2_D2_F00025,test
C01_S2_D2_F00026,validation
C01_S2_D2_F00027,train
C01_S2_D2_F00028,train
C01_S2_D2_F00029,test
C01_S2_D2_F00030,validation
C01_S2_D2_F00031,train
C01_S2_D2_F00032,train
C01_S2_D2_F00033,train
C01_S2_D2_F00034,train
C01_S2_D2_F00035,train
C01_S2_D2_F00036,train
C01_S2_D2_F00037,train
C01_S2_D2_F00038,train
C01_S2_D2_F00039,train
C01_S2_D2_F00040,validation
C01_S2_D3_F00001,train
C01_S2_D3_F00002,test
C01_S2_D3_F00003,train
C01_S2_D3_F00004,train
C01_S2_D3_F00005,train
C01_S2_D3_F00006,train
C01_S2_D3_F00007,train
C01_S2_D3_F00008,train
C01_S2_D3_F00009,train
C01_S2_D3_F00010,test
C01_S2_D3_F00011,validation
C01_S2_D3_F00012,train
C01_S2_D3_F00013,train
C01_S2_D3_F00014,train
C01_S2_D3_F00015,train
C01_S2_D3_F00016,validation
C01_S2_D3_F00017,test
C01_S2_D3_F00018,train
C01_S2_D3_F00019,validation
C01_S2_D3_F00020,train
C01_S2_D3_F00021,train
C01_S2_D3_F00022,validation
C01_S2_D3_F00023,train
C01_S2_D3_F00024,train
C01_S2_D3_F00025,validation
C01_S2_D3_F00026,train
C01_S2_D3_F00027,train
C01_S2_D3_F00028,test
C01_S2_D3_F00029,train
C01_S2_D3_F00030,train
C01_S2_D3_F00031,test
C01_S2_D3_F00032,train
C01_S2_D3_F00033,train
C01_S2_D3_F00034,validation
C01_S2_D3_F00035,train
C01_S2_D3_F00036,train
C01_S2_D3_F00037,train
C01_S2_D3_F00038,test
C01_S2_D3_F00039,train
C01_S2_D3_F00040,train
C01_S2_D4_F00001,train
C01_S2_D4_F00002,validation
C01_S2_D4_F00003,train
C01_S2_D4_F00004,train
C01_S2_D4_F00005,train
C01_S2_D4_F00006,train
C01_S2_D4_F00007,test
C01_S2_D4_F00008,train
C01_S2_D4_F00009,train
C01_S2_D4_F00010,train
C01_S2_D4_F00011,validation
C01_S2_D4_F00012,train
C01_S2_D4_F00013,train
C01_S2_D4_F00014,test
C01_S2_D4_F00015,test
C01_S2_D4_F00016,train
C01_S2_D4_F00017,train
C01_S2_D4_F00018,train
C01_S2_D4_F00019,train
C01_S2_D4_F00020,validation
C01_S2_D4_F00021,train
C01_S2_D4_F00022,validation
C01_S2_D4_F00023,test
C01_S2_D4_F00024,test
C01_S2_D4_F00025,train
C01_S2_D4_F00026,validation
C01_S2_D4_F00027,train
C01_S2_D4_F00028,train
C01_S2_D4_F00029,train
C01_S2_D4_F00030,train
C01_S2_D4_F00031,train
C01_S2_D4_F00032,train
C01_S2_D4_F00033,train
C01_S2_D4_F00034,train
C01_S2_D4_F00035,train
C01_S2_D4_F00036,validation
C01_S2_D4_F00037,train
C01_S2_D4_F00038,train
C01_S2_D4_F00039,test
C01_S2_D4_F00040,train
C01_S3_D1_F00001,train
C01_S3_D1_F00002,test
C01_S3_D1_F00003,validation
C01_S3_D1_F00004,train
C01_S3_D1_F00005,train
C01_S3_D1_F00006,train
C01_S3_D1_F00007,train
C01_S3_D1_F00008,test
C01_S3_D1_F00009,train
C01_S3_D1_F00010,validation
C01_S3_D1_F00011,train
C01_S3_D1_F00012,validation
C01_S3_D1_F00013,train
C01_S3_D1_F00014,train
C01_S3_D1_F00015,train
C01_S3_D1_F00016,test
C01_S3_D1_F00017,train
C01_S3_D1_F00018,train
C01_S3_D1_F00019,train
C01_S3_D1_F00020,train
C01_S3_D1_F00021,test
C01_S3_D1_F00022,validation
C01_S3_D1_F00023,train
C01_S3_D1_F00024,train
C01_S3_D1_F00025,train
C01_S3_D1_F00026,validation
C01_S3_D1_F00027,train
C01_S3_D1_F00028,train
C01_S3_D1_F00029,train
C01_S3_D1_F00030,train
C01_S3_D1_F00031,train
C01_S3_D1_F00032,train
C01_S3_D1_F00033,train
C01_S3_D1_F00034,train
C01_S3_D1_F00035,train
C01_S3_D1_F00036,train
C01_S3_D1_F00037,test
C01_S3_D1_F00038,validation
C01_S3_D1_F00039,test
C01_S3_D1_F00040,train
C01_S3_D2_F00001,train
C01_S3_D2_F00002,train
C01_S3_D2_F00003,train
C01_S3_D2_F00004,validation
C01_S3_D2_F00005,train
C01_S3_D2_F00006,train
C01_S3_D2_F00007,train
C01_S3_D2_F00008,test
C01_S3_D2_F00009,train
C01_S3_D2_F00010,test
C01_S3_D2_F00011,validation
C01_S3_D2_F00012,train
C01_S3_D2_F00013,validation
C01_S3_D2_F00014,train
C01_S3_D2_F00015,train
C01_S3_D2_F00016,test
C01_S3_D2_F00017,train
C01_S3_D2_F00018,train
C01_S3_D2_F00019,train
C01_S3_D2_F00020,train
C01_S3_D2_F00021,train
C01_S3_D2_F00022,train
C01_S3_D2_F00023,validation
C01_S3_D2_F00024,train
C01_S3_D2_F00025,train
C01_S3_D2_F00026,train
C01_S3_D2_F00027,train
C01_S3_D2_F00028,train
C01_S3_D2_F00029,train
C01_S3_D2_F00030,train
C01_S3_D2_F00031,train
C01_S3_D2_F00032,train
C01_S3_D2_F00033,test
C01_S3_D2_F00034,train
C01_S3_D2_F00035,test
C01_S3_D2_F00036,train
C01_S3_D2_F00037,validation
C01_S3_D2_F00038,test
C01_S3_D2_F00039,train
C01_S3_D2_F00040,validation
C01_S3_D3_F00001,train
C01_S3_D3_F00002,train
C01_S3_D3_F00003,test
C01_S3_D3_F00004,train
C01_S3_D3_F00005,train
C01_S3_D3_F00006,test
C01_S3_D3_F00007,train
C01_S3_D3_F00008,train
C01_S3_D3_F00009,train
C01_S3_D3_F00010,train
C01_S3_D3_F00011,train
C01_S3_D3_F00012,validation
C01_S3_D3_F00013,train
C01_S3_D3_F00014,validation
C01_S3_D3_F00015,validation
C01_S3_D3_F00016,train
C01_S3_D3_F00017,test
C01_S3_D3_F00018,train
C01_S3_D3_F00019,train
C01_S3_D3_F00020,train
C01_S3_D3_F00021,train
C01_S3_D3_F00022,train
C01_S3_D3_F00023,validation
C01_S3_D3_F00024,test
C01_S3_D3_F00025,train
C01_S3_D3_F00026,train
C01_S3_D3_F00027,train
C01_S3_D3_F00028,train
C01_S3_D3_F00029,train
C01_S3_D3_F00030,test
C01_S3_D3_F00031,train
C01_S3_D3_F00032,validation
C01_S3_D3_F00033,test
C01_S3_D3_F00034,validation
C01_S3_D3_F00035,train
C01_S3_D3_F00036,train
C01_S3_D3_F00037,train
C01_S3_D3_F00038,train
C01_S3_D3_F00039,train
C01_S3_D3_F00040,train
C01_S3_D4_F00001,train
C01_S3_D4_F00002,train
C01_S3_D4_F00003,train
C01_S3_D4_F00004,train
C01_S3_D4_F00005,train
C01_S3_D4_F00006,train
C01_S3_D4_F00007,train
C01_S3_D4_F00008,train
C01_S3_D4_F00009,validation
C01_S3_D4_F00010,train
C01_S3_D4_F00011,train
C01_S3_D4_F00012,train
C01_S3_D4_F00013,validation
C01_S3_D4_F00014,train
C01_S3_D4_F00015,validation
C01_S3_D4_F00016,train
C01_S3_D4_F00017,train
C01_S3_D4_F00018,test
C01_S3_D4_F00019,test
C01_S3_D4_F00020,test
C01_S3_D4_F00021,train
C01_S3_D4_F00022,validation
C01_S3_D4_F00023,test
C01_S3_D4_F00024,test
C01_S3_D4_F00025,train
C01_S3_D4_F00026,train
C01_S3_D4_F00027,validation
C01_S3_D4_F00028,test
C01_S3_D4_F00029,train
C01_S3_D4_F00030,train
C01_S3_D4_F00031,train
C01_S3_D4_F00032,train
C01_S3_D4_F00033,train
C01_S3_D4_F00034,train
C01_S3_D4_F00035,train
C01_S3_D4_F00036,validation
C01_S3_D4_F00037,train
C01_S3_D4_F00038,train
C01_S3_D4_F00039,train
C01_S3_D4_F00040,train
C02_S1_D1_F00001,test
C02_S1_D1_F00002,test
C02_S1_D1_F00003,test
C02_S1_D1_F00004,train
C02_S1_D1_F00005,train
C02_S1_D1_F00006,validation
C02_S1_D1_F00007,train
C02_S1_D1_F00008,train
C02_S1_D1_F00009,train
C02_S1_D1_F00010,train
C02_S1_D1_F00011,train
C02_S1_D1_F00012,train
C02_S1_D1_F00013,train
C02_S1_D1_F00014,train
C02_S1_D1_F00015,train
C02_S1_D1_F00016,train
C02_S1_D1_F00017,train
C02_S1_D1_F00018,validation
C02_S1_D1_F00019,train
C02_S1_D1_F00020,validation
C02_S1_D1_F00021,train
C02_S1_D1_F00022,test
C02_S1_D1_F00023,train
C02_S1_D1_F00024,train
C02_S1_D1_F00025,train
C02_S1_D1_F00026,train
C02_S1_D1_F00027,test
C02_S1_D1_F00028,train
C02_S1_D1_F00029,train
C02_S1_D1_F00030,train
C02_S1_D1_F00031,train
C02_S1_D1_F00032,validation
C02_S1_D1_F00033,validation
C02_S1_D1_F00034,train
C02_S1_D1_F00035,train
C02_S1_D1_F00036,test
C02_S1_D1_F00037,train
C02_S1_D1_F00038,train
C02_S1_D1_F00039,train
C02_S1_D1_F00040,validation
C02_S1_D2_F00001,train
C02_S1_D2_F00002,train
C02_S1_D2_F00003,validation
C02_S1_D2_F00004,train
C02_S1_D2_F00005,test
C02_S1_D2_F00006,train
C02_S1_D2_F00007,train
C02_S1_D2_F00008,test
C02_S1_D2_F00009,validation
C02_S1_D2_F00010,train
C02_S1_D2_F00011,test
C02_S1_D2_F00012,train
C02_S1_D2_F00013,train
C02_S1_D2_F00014,train
C02_S1_D2_F00015,train
C02_S1_D2_F00016,train
C02_S1_D2_F00017,train
C02_S1_D2_F00018,train
C02_S1_D2_F00019,train
C02_S1_D2_F00020,validation
C02_S1_D2_F00021,train
C02_S1_D2_F00022,train
C02_S1_D2_F00023,train
C02_S1_D2_F00024,train
C02_S1_D2_F00025,test
C02_S1_D2_F00026,train
C02_S1_D2_F00027,train
C02_S1_D2_F00028,train
C02_S1_D2_F00029,validation
C02_S1_D2_F00030,train
C02_S1_D2_F00031,train
C02_S1_D2_F00032,validation
C02_S1_D2_F00033,train
C02_S1_D2_F00034,test
C02_S1_D2_F00035,test
C02_S1_D2_F00036,train
C02_S1_D2_F00037,train
C02_S1_D2_F00038,train
C02_S1_D2_F00039,train
C02_S1_D2_F00040,validation
C02_S1_D3_F00001,train
C02_S1_D3_F00002,validation
C02_S1_D3_F00003,train
C02_S1_D3_F00004,test
C02_S1_D3_F00005,train
C02_S1_D3_F00006,train
C02_S1_D3_F00007,train
C02_S1_D3_F00008,train
C02_S1_D3_F00009,test
C02_S1_D3_F00010,train
C02_S1_D3_F00011,train
C02_S1_D3_F00012,train
C02_S1_D3_F00013,train
C02_S1_D3_F00014,validation
C02_S1_D3_F00015,train
C02_S1_D3_F00016,train
C02_S1_D3_F00017,train
C02_S1_D3_F00018,train
C02_S1_D3_F00019,test
C02_S1_D3_F00020,validation
C02_S1_D3_F00021,test
C02_S1_D3_F00022,train
C02_S1_D3_F00023,train
C02_S1_D3_F00024,validation
C02_S1_D3_F00025,train
C02_S1_D3_F00026,train
C02_S1_D3_F00027,train
C02_S1_D3_F00028,train
C02_S1_D3_F00029,train
C02_S1_D3_F00030,train
C02_S1_D3_F00031,test
C02_S1_D3_F00032,train
C02_S1_D3_F00033,test
C02_S1_D3_F00034,train
C02_S1_D3_F00035,train
C02_S1_D3_F00036,train
C02_S1_D3_F00037,train
C02_S1_D3_F00038,train
C02_S1_D3_F00039,validation
C02_S1_D3_F00040,validation
C02_S1_D4_F00001,train
C02_S1_D4_F00002,train
C02_S1_D4_F00003,train
C02_S1_D4_F00004,test
C02_S1_D4_F00005,train
C02_S1_D4_F00006,test
C02_S1_D4_F00007,train
C02_S1_D4_F00008,train
C02_S1_D4_F00009,validation
C02_S1_D4_F00010,train
C02_S1_D4_F00011,validation
C02_S1_D4_F00012,train
C02_S1_D4_F00013,train
C02_S1_D4_F00014,train
C02_S1_D4_F00015,validation
C02_S1_D4_F00016,train
C02_S1_D4_F00017,test
C02_S1_D4_F00018,train
C02_S1_D4_F00019,train
C02_S1_D4_F00020,train
C02_S1_D4_F00021,validation
C02_S1_D4_F00022,train
C02_S1_D4_F00023,train
C02_S1_D4_F00024,train
C02_S1_D4_F00025,train
C02_S1_D4_F00026,train
C02_S1_D4_F00027,test
C02_S1_D4_F00028,test
C02_S1_D4_F00029,validation
C02_S1_D4_F00030,train
C02_S1_D4_F00031,train
C02_S1_D4_F00032,train
C02_S1_D4_F00033,train
C02_S1_D4_F00034,train
C02_S1_D4_F00035,validation
C02_S1_D4_F00036,train
C02_S1_D4_F00037,train
C02_S1_D4_F00038,test
C02_S1_D4_F00039,train
C02_S1_D4_F00040,train
C02_S2_D1_F00001,train
C02_S2_D1_F00002,train
C02_S2_D1_F00003,validation
C02_S2_D1_F00004,train
C02_S2_D1_F00005,train
C02_S2_D1_F00006,validation
C02_S2_D1_F00007,train
C02_S2_D1_F00008,test
C02_S2_D1_F00009,train
C02_S2_D1_F00010,train
C02_S2_D1_F00011,train
C02_S2_D1_F00012,train
C02_S2_D1_F00013,test
C02_S2_D1_F00014,train
C02_S2_D1_F00015,train
C02_S2_D1_F00016,train
C02_S2_D1_F00017,train
C02_S2_D1_F00018,validation
C02_S2_D1_F00019,test
C02_S2_D1_F00020,train
C02_S2_D1_F00021,validation
C02_S2_D1_F00022,train
C02_S2_D1_F00023,train
C02_S2_D1_F00024,train
C02_S2_D1_F00025,test
C02_S2_D1_F00026,validation
C02_S2_D1_F00027,train
C02_S2_D1_F00028,test
C02_S2_D1_F00029,train
C02_S2_D1_F00030,train
C02_S2_D1_F00031,validation
C02_S2_D1_F00032,train
C02_S2_D1_F00033,train
C02_S2_D1_F00034,train
C02_S2_D1_F00035,train
C02_S2_D1_F00036,test
C02_S2_D1_F00037,train
C02_S2_D1_F00038,train
C02_S2_D1_F00039,train
C02_S2_D1_F00040,train
C02_S2_D2_F00001,train
C02_S2_D2_F00002,train
C02_S2_D2_F00003,train
C02_S2_D2_F00004,train
C02_S2_D2_F00005,validation
C02_S2_D2_F00006,train
C02_S2_D2_F00007,train
C02_S2_D2_F00008,train
C02_S2_D2_F00009,train
C02_S2_D2_F00010,validation
C02_S2_D2_F00011,train
C02_S2_D2_F00012,test
C02_S2_D2_F00013,train
C02_S2_D2_F00014,train
C02_S2_D2_F00015,train
C02_S2_D2_F00016,test
C02_S2_D2_F00017,train
C02_S2_D2_F00018,test
C02_S2_D2_F00019,validation
C02_S2_D2_F00020,train
C02_S2_D2_F00021,validation
C02_S2_D2_F00022,train
C02_S2_D2_F00023,train
C02_S2_D2_F00024,validation
C02_S2_D2_F00025,train
C02_S2_D2_F00026,train
C02_S2_D2_F00027,train
C02_S2_D2_F00028,train
C02_S2_D2_F00029,train
C02_S2_D2_F00030,validation
C02_S2_D2_F00031,train
C02_S2_D2_F00032,test
C02_S2_D2_F00033,test
C02_S2_D2_F00034,train
C02_S2_D2_F00035,train
C02_S2_D2_F00036,train
C02_S2_D2_F00037,test
C02_S2_D2_F00038,train
C02_S2_D2_F00039,train
C02_S2_D2_F00040,train
C02_S2_D3_F00001,train
C02_S2_D3_F00002,train
C02_S2_D3_F00003,train
C02_S2_D3_F00004,train
C02_S2_D3_F00005,train
C02_S2_D3_F00006,validation
C02_S2_D3_F00007,validation
C02_S2_D3_F00008,train
C02_S2_D3_F00009,train
C02_S2_D3_F00010,test
C02_S2_D3_F00011,train
C02_S2_D3_F00012,test
C02_S2_D3_F00013,train
C02_S2_D3_F00014,validation
C02_S2_D3_F00015,train
C02_S2_D3_F00016,train
C02_S2_D3_F00017,train
C02_S2_D3_F00018,test
C02_S2_D3_F00019,train
C02_S2_D3_F00020,train
C02_S2_D3_F00021,train
C02_S2_D3_F00022,test
C02_S2_D3_F00023,validation
C02_S2_D3_F00024,train
C02_S2_D3_F00025,train
C02_S2_D3_F00026,test
C02_S2_D3_F00027,train
C02_S2_D3_F00028,train
C02_S2_D3_F00029,train
C02_S2_D3_F00030,train
C02_S2_D3_F00031,validation
C02_S2_D3_F00032,train
C02_S2_D3_F00033,train
C02_S2_D3_F00034,train
C02_S2_D3_F00035,train
C02_S2_D3_F00036,validation
C02_S2_D3_F00037,train
C02_S2_D3_F00038,train
C02_S2_D3_F00039,test
C02_S2_D3_F00040,train
C02_S2_D4_F00001,train
C02_S2_D4_F00002,validation
C02_S2_D4_F00003,test
C02_S2_D4_F00004,train
C02_S2_D4_F00005,test
C02_S2_D4_F00006,train
C02_S2_D4_F00007,train
C02_S2_D4_F00008,train
C02_S2_D4_F00009,train
C02_S2_D4_F00010,train
C02_S2_D4_F00011,train
C02_S2_D4_F00012,train
C02_S2_D4_F00013,train
C02_S2_D4_F00014,validation
C02_S2_D4_F00015,validation
C02_S2_D4_F00016,train
C02_S2_D4_F00017,train
C02_S2_D4_F00018,test
C02_S2_D4_F00019,train
C02_S2_D4_F00020,train
C02_S2_D4_F00021,train
C02_S2_D4_F00022,train
C02_S2_D4_F00023,train
C02_S2_D4_F00024,train
C02_S2_D4_F00025,validation
C02_S2_D4_F00026,test
C02_S2_D4_F00027,train
C02_S2_D4_F00028,train
C02_S2_D4_F00029,train
C02_S2_D4_F00030,test
C02_S2_D4_F00031,train
C02_S2_D4_F00032,validation
C02_S2_D4_F00033,train
C02_S2_D4_F00034,train
C02_S2_D4_F00035,validation
C02_S2_D4_F00036,train
C02_S2_D4_F00037,train
C02_S2_D4_F00038,train
C02_S2_D4_F00039,test
C02_S2_D4_F00040,train
C02_S3_D1_F00001,test
C02_S3_D1_F00002,train
C02_S3_D1_F00003,validation
C02_S3_D1_F00004,train
C02_S3_D1_F00005,train
C02_S3_D1_F00006,train
C02_S3_D1_F00007,test
C02_S3_D1_F00008,test
C02_S3_D1_F00009,train
C02_S3_D1_F00010,train
C02_S3_D1_F00011,train
C02_S3_D1_F00012,train
C02_S3_D1_F00013,train
C02_S3_D1_F00014,train
C02_S3_D1_F00015,train
C02_S3_D1_F00016,validation
C02_S3_D1_F00017,train
C02_S3_D1_F00018,train
C02_S3_D1_F00019,validation
C02_S3_D1_F00020,train
C02_S3_D1_F00021,train
C02_S3_D1_F00022,train
C02_S3_D1_F00023,validation
C02_S3_D1_F00024,train
C02_S3_D1_F00025,train
C02_S3_D1_F00026,train
C02_S3_D1_F00027,test
C02_S3_D1_F00028,train
C02_S3_D1_F00029,train
C02_S3_D1_F00030,train
C02_S3_D1_F00031,validation
C02_S3_D1_F00032,train
C02_S3_D1_F00033,train
C02_S3_D1_F00034,train
C02_S3_D1_F00035,test
C02_S3_D1_F00036,train
C02_S3_D1_F00037,train
C02_S3_D1_F00038,validation
C02_S3_D1_F00039,test
C02_S3_D1_F00040,train
C02_S3_D2_F00001,train
C02_S3_D2_F00002,validation
C02_S3_D2_F00003,train
C02_S3_D2_F00004,validation
C02_S3_D2_F00005,train
C02_S3_D2_F00006,train
C02_S3_D2_F00007,train
C02_S3_D2_F00008,train
C02_S3_D2_F00009,train
C02_S3_D2_F00010,validation
C02_S3_D2_F00011,test
C02_S3_D2_F00012,train
C02_S3_D2_F00013,train
C02_S3_D2_F00014,train
C02_S3_D2_F00015,test
C02_S3_D2_F00016,train
C02_S3_D2_F00017,train
C02_S3_D2_F00018,test
C02_S3_D2_F00019,train
C02_S3_D2_F00020,train
C02_S3_D2_F00021,train
C02_S3_D2_F00022,train
C02_S3_D2_F00023,train
C02_S3_D2_F00024,validation
C02_S3_D2_F00025,train
C02_S3_D2_F00026,test
C02_S3_D2_F00027,train
C02_S3_D2_F00028,test
C02_S3_D2_F00029,train
C02_S3_D2_F00030,validation
C02_S3_D2_F00031,validation
C02_S3_D2_F00032,train
C02_S3_D2_F00033,train
C02_S3_D2_F00034,train
C02_S3_D2_F00035,train
C02_S3_D2_F00036,train
C02_S3_D2_F00037,train
C02_S3_D2_F00038,train
C02_S3_D2_F00039,test
C02_S3_D2_F00040,train
C02_S3_D3_F00001,test
C02_S3_D3_F00002,train
C02_S3_D3_F00003,train
C02_S3_D3_F00004,train
C02_S3_D3_F00005,train
C02_S3_D3_F00006,train
C02_S3_D3_F00007,train
C02_S3_D3_F00008,validation
C02_S3_D3_F00009,train
C02_S3_D3_F00010,train
C02_S3_D3_F00011,test
C02_S3_D3_F00012,validation
C02_S3_D3_F00013,train
C02_S3_D3_F00014,train
C02_S3_D3_F00015,test
C02_S3_D3_F00016,train
C02_S3_D3_F00017,train
C02_S3_D3_F00018,validation
C02_S3_D3_F00019,train
C02_S3_D3_F00020,train
C02_S3_D3_F00021,train
C02_S3_D3_F00022,train
C02_S3_D3_F00023,train
C02_S3_D3_F00024,train
C02_S3_D3_F00025,train
C02_S3_D3_F00026,test
C02_S3_D3_F00027,validation
C02_S3_D3_F00028,train
C02_S3_D3_F00029,train
C02_S3_D3_F00030,test
C02_S3_D3_F00031,test
C02_S3_D3_F00032,train
C02_S3_D3_F00033,train
C02_S3_D3_F00034,validation
C02_S3_D3_F00035,train
C02_S3_D3_F00036,train
C02_S3_D3_F00037,train
C02_S3_D3_F00038,train
C02_S3_D3_F00039,train
C02_S3_D3_F00040,validation
C02_S3_D4_F00001,train
C02_S3_D4_F00002,train
C02_S3_D4_F00003,validation
C02_S3_D4_F00004,train
C02_S3_D4_F00005,train
C02_S3_D4_F00006,train
C02_S3_D4_F00007,train
C02_S3_D4_F00008,test
C02_S3_D4_F00009,train
C02_S3_D4_F00010,test
C02_S3_D4_F00011,train
C02_S3_D4_F00012,validation
C02_S3_D4_F00013,train
C02_S3_D4_F00014,train
C02_S3_D4_F00015,test
C02_S3_D4_F00016,train
C02_S3_D4_F00017,train
C02_S3_D4_F00018,train
C02_S3_D4_F00019,validation
C02_S3_D4_F00020,train
C02_S3_D4_F00021,train
C02_S3_D4_F00022,train
C02_S3_D4_F00023,test
C02_S3_D4_F00024,train
C02_S3_D4_F00025,test
C02_S3_D4_F00026,validation
C02_S3_D4_F00027,test
C02_S3_D4_F00028,train
C02_S3_D4_F00029,validation
C02_S3_D4_F00030,train
C02_S3_D4_F00031,validation
C02_S3_D4_F00032,train
C02_S3_D4_F00033,train
C02_S3_D4_F00034,train
C02_S3_D4_F00035,train
C02_S3_D4_F00036,train
C02_S3_D4_F00037,train
C02_S3_D4_F00038,train
C02_S3_D4_F00039,train
C02_S3_D4_F00040,train
C03_S1_D1_F00001,train
C03_S1_D1_F00002,train
C03_S1_D1_F00003,train
C03_S1_D1_F00004,train
C03_S1_D1_F00005,test
C03_S1_D1_F00006,train
C03_S1_D1_F00007,train
C03_S1_D1_F00008,validation
C03_S1_D1_F00009,train
C03_S1_D1_F00010,train
C03_S1_D1_F00011,validation
C03_S1_D1_F00012,train
C03_S1_D1_F00013,train
C03_S1_D1_F00014,train
C03_S1_D1_F00015,test
C03_S1_D1_F00016,train
C03_S1_D1_F00017,train
C03_S1_D1_F00018,train
C03_S1_D1_F00019,test
C03_S1_D1_F00020,validation
C03_S1_D1_F00021,test
C03_S1_D1_F00022,test
C03_S1_D1_F00023,train
C03_S1_D1_F00024,validation
C03_S1_D1_F00025,train
C03_S1_D1_F00026,train
C03_S1_D1_F00027,validation
C03_S1_D1_F00028,train
C03_S1_D1_F00029,validation
C03_S1_D1_F00030,test
C03_S1_D1_F00031,train
C03_S1_D1_F00032,train
C03_S1_D1_F00033,train
C03_S1_D1_F00034,train
C03_S1_D1_F00035,train
C03_S1_D1_F00036,train
C03_S1_D1_F00037,train
C03_S1_D1_F00038,train
C03_S1_D1_F00039,train
C03_S1_D1_F00040,train
C03_S1_D2_F00001,train
C03_S1_D2_F00002,test
C03_S1_D2_F00003,train
C03_S1_D2_F00004,train
C03_S1_D2_F00005,train
C03_S1_D2_F00006,train
C03_S1_D2_F00007,validation
C03_S1_D2_F00008,train
C03_S1_D2_F00009,train
C03_S1_D2_F00010,train
C03_S1_D2_F00011,test
C03_S1_D2_F00012,validation
C03_S1_D2_F00013,train
C03_S1_D2_F00014,train
C03_S1_D2_F00015,train
C03_S1_D2_F00016,train
C03_S1_D2_F00017,test
C03_S1_D2_F00018,validation
C03_S1_D2_F00019,train
C03_S1_D2_F00020,train
C03_S1_D2_F00021,train
C03_S1_D2_F00022,train
C03_S1_D2_F00023,train
C03_S1_D2_F00024,train
C03_S1_D2_F00025,train
C03_S1_D2_F00026,train
C03_S1_D2_F00027,test
C03_S1_D2_F00028,train
C03_S1_D2_F00029,validation
C03_S1_D2_F00030,train
C03_S1_D2_F00031,train
C03_S1_D2_F00032,test
C03_S1_D2_F00033,test
C03_S1_D2_F00034,validation
C03_S1_D2_F00035,train
C03_S1_D2_F00036,train
C03_S1_D2_F00037,train
C03_S1_D2_F00038,validation
C03_S1_D2_F00039,train
C03_S1_D2_F00040,train
C03_S1_D3_F00001,train
C03_S1_D3_F00002,train
C03_S1_D3_F00003,validation
C03_S1_D3_F00004,train
C03_S1_D3_F00005,train
C03_S1_D3_F00006,train
C03_S1_D3_F00007,test
C03_S1_D3_F00008,validation
C03_S1_D3_F00009,test
C03_S1_D3_F00010,test
C03_S1_D3_F00011,train
C03_S1_D3_F00012,train
C03_S1_D3_F00013,train
C03_S1_D3_F00014,train
C03_S1_D3_F00015,train
C03_S1_D3_F00016,train
C03_S1_D3_F00017,train
C03_S1_D3_F00018,train
C03_S1_D3_F00019,train
C03_S1_D3_F00020,validation
C03_S1_D3_F00021,train
C03_S1_D3_F00022,train
C03_S1_D3_F00023,train
C03_S1_D3_F00024,train
C03_S1_D3_F00025,train
C03_S1_D3_F00026,validation
C03_S1_D3_F00027,validation
C03_S1_D3_F00028,train
C03_S1_D3_F00029,test
C03_S1_D3_F00030,test
C03_S1_D3_F00031,train
C03_S1_D3_F00032,train
C03_S1_D3_F00033,train
C03_S1_D3_F00034,train
C03_S1_D3_F00035,train
C03_S1_D3_F00036,train
C03_S1_D3_F00037,test
C03_S1_D3_F00038,validation
C03_S1_D3_F00039,train
C03_S1_D3_F00040,train
C03_S1_D4_F00001,train
C03_S1_D4_F00002,train
C03_S1_D4_F00003,train
C03_S1_D4_F00004,train
C03_S1_D4_F00005,train
C03_S1_D4_F00006,test
C03_S1_D4_F00007,validation
C03_S1_D4_F00008,train
C03_S1_D4_F00009,train
C03_S1_D4_F00010,test
C03_S1_D4_F00011,train
C03_S1_D4_F00012,train
C03_S1_D4_F00013,train
C03_S1_D4_F00014,test
C03_S1_D4_F00015,validation
C03_S1_D4_F00016,train
C03_S1_D4_F00017,train
C03_S1_D4_F00018,train
C03_S1_D4_F00019,train
C03_S1_D4_F00020,validation
C03_S1_D4_F00021,validation
C03_S1_D4_F00022,train
C03_S1_D4_F00023,train
C03_S1_D4_F00024,train
C03_S1_D4_F00025,train
C03_S1_D4_F00026,train
C03_S1_D4_F00027,train
C03_S1_D4_F00028,train
C03_S1_D4_F00029,validation
C03_S1_D4_F00030,train
C03_S1_D4_F00031,train
C03_S1_D4_F00032,train
C03_S1_D4_F00033,test
C03_S1_D4_F00034,train
C03_S1_D4_F00035,test
C03_S1_D4_F00036,train
C03_S1_D4_F00037,validation
C03_S1_D4_F00038,train
C03_S1_D4_F00039,train
C03_S1_D4_F00040,test
C03_S2_D1_F00001,validation
C03_S2_D1_F00002,train
C03_S2_D1_F00003,train
C03_S2_D1_F00004,train
C03_S2_D1_F00005,train
C03_S2_D1_F00006,test
C03_S2_D1_F00007,validation
C03_S2_D1_F00008,train
C03_S2_D1_F00009,train
C03_S2_D1_F00010,test
C03_S2_D1_F00011,train
C03_S2_D1_F00012,train
C03_S2_D1_F00013,train
C03_S2_D1_F00014,train
C03_S2_D1_F00015,train
C03_S2_D1_F00016,validation
C03_S2_D1_F00017,train
C03_S2_D1_F00018,train
C03_S2_D1_F00019,test
C03_S2_D1_F00020,train
C03_S2_D1_F00021,train
C03_S2_D1_F00022,test
C03_S2_D1_F00023,test
C03_S2_D1_F00024,test
C03_S2_D1_F00025,train
C03_S2_D1_F00026,train
C03_S2_D1_F00027,train
C03_S2_D1_F00028,validation
C03_S2_D1_F00029,train
C03_S2_D1_F00030,train
C03_S2_D1_F00031,train
C03_S2_D1_F00032,train
C03_S2_D1_F00033,train
C03_S2_D1_F00034,train
C03_S2_D1_F00035,train
C03_S2_D1_F00036,train
C03_S2_D1_F00037,validation
C03_S2_D1_F00038,train
C03_S2_D1_F00039,validation
C03_S2_D1_F00040,train
C03_S2_D2_F00001,validation
C03_S2_D2_F00002,train
C03_S2_D2_F00003,train
C03_S2_D2_F00004,train
C03_S2_D2_F00005,train
C03_S2_D2_F00006,train
C03_S2_D2_F00007,train
C03_S2_D2_F00008,train
C03_S2_D2_F00009,train
C03_S2_D2_F00010,validation
C03_S2_D2_F00011,train
C03_S2_D2_F00012,validation
C03_S2_D2_F00013,train
C03_S2_D2_F00014,train
C03_S2_D2_F00015,train
C03_S2_D2_F00016,train
C03_S2_D2_F00017,test
C03_S2_D2_F00018,test
C03_S2_D2_F00019,train
C03_S2_D2_F00020,test
C03_S2_D2_F00021,validation
C03_S2_D2_F00022,train
C03_S2_D2_F00023,train
C03_S2_D2_F00024,train
C03_S2_D2_F00025,train
C03_S2_D2_F00026,train
C03_S2_D2_F00027,train
C03_S2_D2_F00028,train
C03_S2_D2_F00029,train
C03_S2_D2_F00030,train
C03_S2_D2_F00031,validation
C03_S2_D2_F00032,test
C03_S2_D2_F00033,train
C03_S2_D2_F00034,train
C03_S2_D2_F00035,test
C03_S2_D2_F00036,test
C03_S2_D2_F00037,train
C03_S2_D2_F00038,train
C03_S2_D2_F00039,validation
C03_S2_D2_F00040,train
C03_S2_D3_F00001,validation
C03_S2_D3_F00002,train
C03_S2_D3_F00003,validation
C03_S2_D3_F00004,train
C03_S2_D3_F00005,test
C03_S2_D3_F00006,train
C03_S2_D3_F00007,train
C03_S2_D3_F00008,validation
C03_S2_D3_F00009,train
C03_S2_D3_F00010,train
C03_S2_D3_F00011,train
C03_S2_D3_F00012,test
C03_S2_D3_F00013,train
C03_S2_D3_F00014,test
C03_S2_D3_F00015,train
C03_S2_D3_F00016,train
C03_S2_D3_F00017,train
C03_S2_D3_F00018,train
C03_S2_D3_F00019,train
C03_S2_D3_F00020,train
C03_S2_D3_F00021,train
C03_S2_D3_F00022,train
C03_S2_D3_F00023,train
C03_S2_D3_F00024,test
C03_S2_D3_F00025,train
C03_S2_D3_F00026,test
C03_S2_D3_F00027,validation
C03_S2_D3_F00028,train
C03_S2_D3_F00029,train
C03_S2_D3_F00030,train
C03_S2_D3_F00031,train
C03_S2_D3_F00032,train
C03_S2_D3_F00033,train
C03_S2_D3_F00034,train
C03_S2_D3_F00035,validation
C03_S2_D3_F00036,test
C03_S2_D3_F00037,train
C03_S2_D3_F00038,train
C03_S2_D3_F00039,validation
C03_S2_D3_F00040,train
C03_S2_D4_F00001,train
C03_S2_D4_F00002,train
C03_S2_D4_F00003,validation
C03_S2_D4_F00004,train
C03_S2_D4_F00005,test
C03_S2_D4_F00006,validation
C03_S2_D4_F00007,train
C03_S2_D4_F00008,train
C03_S2_D4_F00009,train
C03_S2_D4_F00010,train
C03_S2_D4_F00011,test
C03_S2_D4_F00012,train
C03_S2_D4_F00013,train
C03_S2_D4_F00014,test
C03_S2_D4_F00015,train
C03_S2_D4_F00016,validation
C03_S2_D4_F00017,train
C03_S2_D4_F00018,train
C03_S2_D4_F00019,train
C03_S2_D4_F00020,train
C03_S2_D4_F00021,train
C03_S2_D4_F00022,train
C03_S2_D4_F00023,validation
C03_S2_D4_F00024,validation
C03_S2_D4_F00025,train
C03_S2_D4_F00026,train
C03_S2_D4_F00027,train
C03_S2_D4_F00028,test
C03_S2_D4_F00029,test
C03_S2_D4_F00030,train
C03_S2_D4_F00031,train
C03_S2_D4_F00032,train
C03_S2_D4_F00033,train
C03_S2_D4_F00034,test
C03_S2_D4_F00035,train
C03_S2_D4_F00036,train
C03_S2_D4_F00037,train
C03_S2_D4_F00038,train
C03_S2_D4_F00039,validation
C03_S2_D4_F00040,train
C03_S3_D1_F00001,train
C03_S3_D1_F00002,validation
C03_S3_D1_F00003,test
C03_S3_D1_F00004,train
C03_S3_D1_F00005,train
C03_S3_D1_F00006,test
C03_S3_D1_F00007,validation
C03_S3_D1_F00008,train
C03_S3_D1_F00009,validation
C03_S3_D1_F00010,train
C03_S3_D1_F00011,train
C03_S3_D1_F00012,train
C03_S3_D1_F00013,train
C03_S3_D1_F00014,test
C03_S3_D1_F00015,train
C03_S3_D1_F00016,train
C03_S3_D1_F00017,train
C03_S3_D1_F00018,train
C03_S3_D1_F00019,train
C03_S3_D1_F00020,train
C03_S3_D1_F00021,train
C03_S3_D1_F00022,test
C03_S3_D1_F00023,train
C03_S3_D1_F00024,train
C03_S3_D1_F00025,train
C03_S3_D1_F00026,validation
C03_S3_D1_F00027,train
C03_S3_D1_F00028,train
C03_S3_D1_F00029,train
C03_S3_D1_F00030,train
C03_S3_D1_F00031,train
C03_S3_D1_F00032,train
C03_S3_D1_F00033,validation
C03_S3_D1_F00034,validation
C03_S3_D1_F00035,train
C03_S3_D1_F00036,train
C03_S3_D1_F00037,train
C03_S3_D1_F00038,test
C03_S3_D1_F00039,train
C03_S3_D1_F00040,test
C03_S3_D2_F00001,test
C03_S3_D2_F00002,train
C03_S3_D2_F00003,validation
C03_S3_D2_F00004,train
C03_S3_D2_F00005,train
C03_S3_D2_F00006,train
C03_S3_D2_F00007,validation
C03_S3_D2_F00008,train
C03_S3_D2_F00009,test
C03_S3_D2_F00010,train
C03_S3_D2_F00011,train
C03_S3_D2_F00012,validation
C03_S3_D2_F00013,train
C03_S3_D2_F00014,train
C03_S3_D2_F00015,train
C03_S3_D2_F00016,train
C03_S3_D2_F00017,test
C03_S3_D2_F00018,train
C03_S3_D2_F00019,train
C03_S3_D2_F00020,train
C03_S3_D2_F00021,train
C03_S3_D2_F00022,train
C03_S3_D2_F00023,validation
C03_S3_D2_F00024,train
C03_S3_D2_F00025,train
C03_S3_D2_F00026,validation
C03_S3_D2_F00027,train
C03_S3_D2_F00028,test
C03_S3_D2_F00029,train
C03_S3_D2_F00030,validation
C03_S3_D2_F00031,train
C03_S3_D2_F00032,train
C03_S3_D2_F00033,train
C03_S3_D2_F00034,train
C03_S3_D2_F00035,test
C03_S3_D2_F00036,train
C03_S3_D2_F00037,train
C03_S3_D2_F00038,test
C03_S3_D2_F00039,train
C03_S3_D2_F00040,train
C03_S3_D3_F00001,train
C03_S3_D3_F00002,train
C03_S3_D3_F00003,train
C03_S3_D3_F00004,train
C03_S3_D3_F00005,test
C03_S3_D3_F00006,train
C03_S3_D3_F00007,train
C03_S3_D3_F00008,train
C03_S3_D3_F00009,train
C03_S3_D3_F00010,validation
C03_S3_D3_F00011,test
C03_S3_D3_F00012,train
C03_S3_D3_F00013,validation
C03_S3_D3_F00014,train
C03_S3_D3_F00015,train
C03_S3_D3_F00016,validation
C03_S3_D3_F00017,train
C03_S3_D3_F00018,train
C03_S3_D3_F00019,train
C03_S3_D3_F00020,test
C03_S3_D3_F00021,train
C03_S3_D3_F00022,train
C03_S3_D3_F00023,train
C03_S3_D3_F00024,train
C03_S3_D3_F00025,train
C03_S3_D3_F00026,train
C03_S3_D3_F00027,train
C03_S3_D3_F00028,train
C03_S3_D3_F00029,train
C03_S3_D3_F00030,train
C03_S3_D3_F00031,validation
C03_S3_D3_F00032,train
C03_S3_D3_F00033,validation
C03_S3_D3_F00034,train
C03_S3_D3_F00035,train
C03_S3_D3_F00036,test
C03_S3_D3_F00037,test
C03_S3_D3_F00038,validation
C03_S3_D3_F00039,train
C03_S3_D3_F00040,test
C03_S3_D4_F00001,train
C03_S3_D4_F00002,train
C03_S3_D4_F00003,train
C03_S3_D4_F00004,test
C03_S3_D4_F00005,validation
C03_S3_D4_F00006,train
C03_S3_D4_F00007,validation
C03_S3_D4_F00008,test
C03_S3_D4_F00009,train
C03_S3_D4_F00010,train
C03_S3_D4_F00011,train
C03_S3_D4_F00012,test
C03_S3_D4_F00013,train
C03_S3_D4_F00014,train
C03_S3_D4_F00015,train
C03_S3_D4_F00016,train
C03_S3_D4_F00017,validation
C03_S3_D4_F00018,train
C03_S3_D4_F00019,train
C03_S3_D4_F00020,train
C03_S3_D4_F00021,train
C03_S3_D4_F00022,train
C03_S3_D4_F00023,validation
C03_S3_D4_F00024,train
C03_S3_D4_F00025,test
C03_S3_D4_F00026,train
C03_S3_D4_F00027,validation
C03_S3_D4_F00028,train
C03_S3_D4_F00029,train
C03_S3_D4_F00030,test
C03_S3_D4_F00031,test
C03_S3_D4_F00032,train
C03_S3_D4_F00033,train
C03_S3_D4_F00034,train
C03_S3_D4_F00035,train
C03_S3_D4_F00036,validation
C03_S3_D4_F00037,train
C03_S3_D4_F00038,train
C03_S3_D4_F00039,train
C03_S3_D4_F00040,train
C04_S1_D1_F00001,validation
C04_S1_D1_F00002,train
C04_S1_D1_F00003,train
C04_S1_D1_F00004,train
C04_S1_D1_F00005,train
C04_S1_D1_F00006,test
C04_S1_D1_F00007,train
C04_S1_D1_F00008,train
C04_S1_D1_F00009,train
C04_S1_D1_F00010,train
C04_S1_D1_F00011,validation
C04_S1_D1_F00012,validation
C04_S1_D1_F00013,train
C04_S1_D1_F00014,train
C04_S1_D1_F00015,train
C04_S1_D1_F00016,test
C04_S1_D1_F00017,train
C04_S1_D1_F00018,test
C04_S1_D1_F00019,train
C04_S1_D1_F00020,train
C04_S1_D1_F00021,train
C04_S1_D1_F00022,test
C04_S1_D1_F00023,validation
C04_S1_D1_F00024,train
C04_S1_D1_F00025,train
C04_S1_D1_F00026,train
C04_S1_D1_F00027,test
C04_S1_D1_F00028,train
C04_S1_D1_F00029,train
C04_S1_D1_F00030,train
C04_S1_D1_F00031,validation
C04_S1_D1_F00032,train
C04_S1_D1_F00033,train
C04_S1_D1_F00034,train
C04_S1_D1_F00035,test
C04_S1_D1_F00036,train
C04_S1_D1_F00037,train
C04_S1_D1_F00038,validation
C04_S1_D1_F00039,train
C04_S1_D1_F00040,train
C04_S1_D2_F00001,train
C04_S1_D2_F00002,train
C04_S1_D2_F00003,train
C04_S1_D2_F00004,validation
C04_S1_D2_F00005,train
C04_S1_D2_F00006,train
C04_S1_D2_F00007,train
C04_S1_D2_F00008,train
C04_S1_D2_F00009,train
C04_S1_D2_F00010,test
C04_S1_D2_F00011,train
C04_S1_D2_F00012,train
C04_S1_D2_F00013,validation
C04_S1_D2_F00014,test
C04_S1_D2_F00015,train
C04_S1_D2_F00016,test
C04_S1_D2_F00017,train
C04_S1_D2_F00018,validation
C04_S1_D2_F00019,train
C04_S1_D2_F00020,train
C04_S1_D2_F00021,train
C04_S1_D2_F00022,test
C04_S1_D2_F00023,train
C04_S1_D2_F00024,validation
C04_S1_D2_F00025,train
C04_S1_D2_F00026,train
C04_S1_D2_F00027,train
C04_S1_D2_F00028,train
C04_S1_D2_F00029,validation
C04_S1_D2_F00030,train
C04_S1_D2_F00031,train
C04_S1_D2_F00032,train
C04_S1_D2_F00033,train
C04_S1_D2_F00034,test
C04_S1_D2_F00035,test
C04_S1_D2_F00036,train
C04_S1_D2_F00037,train
C04_S1_D2_F00038,train
C04_S1_D2_F00039,train
C04_S1_D2_F00040,validation
C04_S1_D3_F00001,train
C04_S1_D3_F00002,train
C04_S1_D3_F00003,train
C04_S1_D3_F00004,test
C04_S1_D3_F00005,train
C04_S1_D3_F00006,train
C04_S1_D3_F00007,train
C04_S1_D3_F00008,validation
C04_S1_D3_F00009,validation
C04_S1_D3_F00010,train
C04_S1_D3_F00011,train
C04_S1_D3_F00012,train
C04_S1_D3_F00013,test
C04_S1_D3_F00014,train
C04_S1_D3_F00015,train
C04_S1_D3_F00016,train
C04_S1_D3_F00017,train
C04_S1_D3_F00018,train
C04_S1_D3_F00019,validation
C04_S1_D3_F00020,test
C04_S1_D3_F00021,test
C04_S1_D3_F00022,validation
C04_S1_D3_F00023,train
C04_S1_D3_F00024,test
C04_S1_D3_F00025,train
C04_S1_D3_F00026,train
C04_S1_D3_F00027,train
C04_S1_D3_F00028,train
C04_S1_D3_F00029,train
C04_S1_D3_F00030,train
C04_S1_D3_F00031,train
C04_S1_D3_F00032,test
C04_S1_D3_F00033,train
C04_S1_D3_F00034,train
C04_S1_D3_F00035,train
C04_S1_D3_F00036,train
C04_S1_D3_F00037,train
C04_S1_D3_F00038,validation
C04_S1_D3_F00039,validation
C04_S1_D3_F00040,train
C04_S1_D4_F00001,train
C04_S1_D4_F00002,train
C04_S1_D4_F00003,validation
C04_S1_D4_F00004,train
C04_S1_D4_F00005,train
C04_S1_D4_F00006,validation
C04_S1_D4_F00007,train
C04_S1_D4_F00008,test
C04_S1_D4_F00009,test
C04_S1_D4_F00010,validation
C04_S1_D4_F00011,train
C04_S1_D4_F00012,train
C04_S1_D4_F00013,test
C04_S1_D4_F00014,train
C04_S1_D4_F00015,train
C04_S1_D4_F00016,train
C04_S1_D4_F00017,train
C04_S1_D4_F00018,train
C04_S1_D4_F00019,train
C04_S1_D4_F00020,train
C04_S1_D4_F00021,train
C04_S1_D4_F00022,train
C04_S1_D4_F00023,test
C04_S1_D4_F00024,train
C04_S1_D4_F00025,validation
C04_S1_D4_F00026,train
C04_S1_D4_F00027,train
C04_S1_D4_F00028,train
C04_S1_D4_F00029,train
C04_S1_D4_F00030,validation
C04_S1_D4_F00031,train
C04_S1_D4_F00032,test
C04_S1_D4_F00033,train
C04_S1_D4_F00034,train
C04_S1_D4_F00035,validation
C04_S1_D4_F00036,train
C04_S1_D4_F00037,train
C04_S1_D4_F00038,train
C04_S1_D4_F00039,test
C04_S1_D4_F00040,train
C04_S2_D1_F00001,train
C04_S2_D1_F00002,test
C04_S2_D1_F00003,validation
C04_S2_D1_F00004,train
C04_S2_D1_F00005,test
C04_S2_D1_F00006,train
C04_S2_D1_F00007,train
C04_S2_D1_F00008,train
C04_S2_D1_F00009,train
C04_S2_D1_F00010,validation
C04_S2_D1_F00011,train
C04_S2_D1_F00012,train
C04_S2_D1_F00013,test
C04_S2_D1_F00014,train
C04_S2_D1_F00015,validation
C04_S2_D1_F00016,train
C04_S2_D1_F00017,train
C04_S2_D1_F00018,train
C04_S2_D1_F00019,train
C04_S2_D1_F00020,train
C04_S2_D1_F00021,train
C04_S2_D1_F00022,train
C04_S2_D1_F00023,train
C04_S2_D1_F00024,train
C04_S2_D1_F00025,train
C04_S2_D1_F00026,train
C04_S2_D1_F00027,train
C04_S2_D1_F00028,train
C04_S2_D1_F00029,train
C04_S2_D1_F00030,test
C04_S2_D1_F00031,test
C04_S2_D1_F00032,validation
C04_S2_D1_F00033,test
C04_S2_D1_F00034,train
C04_S2_D1_F00035,validation
C04_S2_D1_F00036,validation
C04_S2_D1_F00037,train
C04_S2_D1_F00038,train
C04_S2_D1_F00039,train
C04_S2_D1_F00040,train
C04_S2_D2_F00001,validation
C04_S2_D2_F00002,test
C04_S2_D2_F00003,train
C04_S2_D2_F00004,train
C04_S2_D2_F00005,train
C04_S2_D2_F00006,train
C04_S2_D2_F00007,train
C04_S2_D2_F00008,test
C04_S2_D2_F00009,validation
C04_S2_D2_F00010,train
C04_S2_D2_F00011,train
C04_S2_D2_F00012,train
C04_S2_D2_F00013,test
C04_S2_D2_F00014,train
C04_S2_D2_F00015,train
C04_S2_D2_F00016,train
C04_S2_D2_F00017,train
C04_S2_D2_F00018,train
C04_S2_D2_F00019,validation
C04_S2_D2_F00020,train
C04_S2_D2_F00021,train
C04_S2_D2_F00022,train
C04_S2_D2_F00023,train
C04_S2_D2_F00024,train
C04_S2_D2_F00025,test
C04_S2_D2_F00026,train
C04_S2_D2_F00027,validation
C04_S2_D2_F00028,train
C04_S2_D2_F00029,train
C04_S2_D2_F00030,train
C04_S2_D2_F00031,train
C04_S2_D2_F00032,train
C04_S2_D2_F00033,test
C04_S2_D2_F00034,train
C04_S2_D2_F00035,train
C04_S2_D2_F00036,train
C04_S2_D2_F00037,test
C04_S2_D2_F00038,validation
C04_S2_D2_F00039,train
C04_S2_D2_F00040,validation
C04_S2_D3_F00001,train
C04_S2_D3_F00002,train
C04_S2_D3_F00003,train
C04_S2_D3_F00004,validation
C04_S2_D3_F00005,train
C04_S2_D3_F00006,test
C04_S2_D3_F00007,train
C04_S2_D3_F00008,train
C04_S2_D3_F00009,validation
C04_S2_D3_F00010,train
C04_S2_D3_F00011,validation
C04_S2_D3_F00012,train
C04_S2_D3_F00013,train
C04_S2_D3_F00014,train
C04_S2_D3_F00015,train
C04_S2_D3_F00016,train
C04_S2_D3_F00017,test
C04_S2_D3_F00018,train
C04_S2_D3_F00019,train
C04_S2_D3_F00020,test
C04_S2_D3_F00021,train
C04_S2_D3_F00022,train
C04_S2_D3_F00023,test
C04_S2_D3_F00024,train
C04_S2_D3_F00025,train
C04_S2_D3_F00026,train
C04_S2_D3_F00027,train
C04_S2_D3_F00028,train
C04_S2_D3_F00029,train
C04_S2_D3_F00030,train
C04_S2_D3_F00031,test
C04_S2_D3_F00032,validation
C04_S2_D3_F00033,validation
C04_S2_D3_F00034,train
C04_S2_D3_F00035,test
C04_S2_D3_F00036,train
C04_S2_D3_F00037,validation
C04_S2_D3_F00038,train
C04_S2_D3_F00039,train
C04_S2_D3_F00040,train
C04_S2_D4_F00001,train
C04_S2_D4_F00002,train
C04_S2_D4_F00003,test
C04_S2_D4_F00004,validation
C04_S2_D4_F00005,validation
C04_S2_D4_F00006,train
C04_S2_D4_F00007,train
C04_S2_D4_F00008,train
C04_S2_D4_F00009,train
C04_S2_D4_F00010,test
C04_S2_D4_F00011,train
C04_S2_D4_F00012,train
C04_S2_D4_F00013,train
C04_S2_D4_F00014,train
C04_S2_D4_F00015,train
C04_S2_D4_F00016,train
C04_S2_D4_F00017,train
C04_S2_D4_F00018,train
C04_S2_D4_F00019,validation
C04_S2_D4_F00020,test
C04_S2_D4_F00021,test
C04_S2_D4_F00022,train
C04_S2_D4_F00023,train
C04_S2_D4_F00024,train
C04_S2_D4_F00025,train
C04_S2_D4_F00026,validation
C04_S2_D4_F00027,validation
C04_S2_D4_F00028,train
C04_S2_D4_F00029,train
C04_S2_D4_F00030,test
C04_S2_D4_F00031,train
C04_S2_D4_F00032,test
C04_S2_D4_F00033,train
C04_S2_D4_F00034,train
C04_S2_D4_F00035,train
C04_S2_D4_F00036,train
C04_S2_D4_F00037,train
C04_S2_D4_F00038,validation
C04_S2_D4_F00039,train
C04_S2_D4_F00040,train
C04_S3_D1_F00001,train
C04_S3_D1_F00002,train
C04_S3_D1_F00003,train
C04_S3_D1_F00004,validation
C04_S3_D1_F00005,test
C04_S3_D1_F00006,train
C04_S3_D1_F00007,train
C04_S3_D1_F00008,train
C04_S3_D1_F00009,train
C04_S3_D1_F00010,test
C04_S3_D1_F00011,train
C04_S3_D1_F00012,train
C04_S3_D1_F00013,train
C04_S3_D1_F00014,train
C04_S3_D1_F00015,validation
C04_S3_D1_F00016,test
C04_S3_D1_F00017,train
C04_S3_D1_F00018,train
C04_S3_D1_F00019,train
C04_S3_D1_F00020,validation
C04_S3_D1_F00021,train
C04_S3_D1_F00022,train
C04_S3_D1_F00023,train
C04_S3_D1_F00024,test
C04_S3_D1_F00025,train
C04_S3_D1_F00026,train
C04_S3_D1_F00027,validation
C04_S3_D1_F00028,train
C04_S3_D1_F00029,train
C04_S3_D1_F00030,train
C04_S3_D1_F00031,test
C04_S3_D1_F00032,train
C04_S3_D1_F00033,train
C04_S3_D1_F00034,train
C04_S3_D1_F00035,validation
C04_S3_D1_F00036,validation
C04_S3_D1_F00037,train
C04_S3_D1_F00038,train
C04_S3_D1_F00039,train
C04_S3_D1_F00040,test
C04_S3_D2_F00001,validation
C04_S3_D2_F00002,train
C04_S3_D2_F00003,train
C04_S3_D2_F00004,train
C04_S3_D2_F00005,train
C04_S3_D2_F00006,validation
C04_S3_D2_F00007,train
C04_S3_D2_F00008,test
C04_S3_D2_F00009,validation
C04_S3_D2_F00010,train
C04_S3_D2_F00011,test
C04_S3_D2_F00012,train
C04_S3_D2_F00013,train
C04_S3_D2_F00014,train
C04_S3_D2_F00015,train
C04_S3_D2_F00016,train
C04_S3_D2_F00017,train
C04_S3_D2_F00018,train
C04_S3_D2_F00019,test
C04_S3_D2_F00020,train
C04_S3_D2_F00021,train
C04_S3_D2_F00022,train
C04_S3_D2_F00023,train
C04_S3_D2_F00024,validation
C04_S3_D2_F00025,train
C04_S3_D2_F00026,train
C04_S3_D2_F00027,train
C04_S3_D2_F00028,train
C04_S3_D2_F00029,train
C04_S3_D2_F00030,test
C04_S3_D2_F00031,validation
C04_S3_D2_F00032,train
C04_S3_D2_F00033,train
C04_S3_D2_F00034,train
C04_S3_D2_F00035,train
C04_S3_D2_F00036,validation
C04_S3_D2_F00037,train
C04_S3_D2_F00038,train
C04_S3_D2_F00039,test
C04_S3_D2_F00040,test
C04_S3_D3_F00001,train
C04_S3_D3_F00002,train
C04_S3_D3_F00003,train
C04_S3_D3_F00004,validation
C04_S3_D3_F00005,train
C04_S3_D3_F00006,train
C04_S3_D3_F00007,test
C04_S3_D3_F00008,train
C04_S3_D3_F00009,validation
C04_S3_D3_F00010,train
C04_S3_D3_F00011,train
C04_S3_D3_F00012,train
C04_S3_D3_F00013,train
C04_S3_D3_F00014,test
C04_S3_D3_F00015,train
C04_S3_D3_F00016,train
C04_S3_D3_F00017,validation
C04_S3_D3_F00018,train
C04_S3_D3_F00019,train
C04_S3_D3_F00020,test
C04_S3_D3_F00021,train
C04_S3_D3_F00022,train
C04_S3_D3_F00023,train
C04_S3_D3_F00024,train
C04_S3_D3_F00025,train
C04_S3_D3_F00026,validation
C04_S3_D3_F00027,test
C04_S3_D3_F00028,train
C04_S3_D3_F00029,train
C04_S3_D3_F00030,test
C04_S3_D3_F00031,train
C04_S3_D3_F00032,train
C04_S3_D3_F00033,train
C04_S3_D3_F00034,validation
C04_S3_D3_F00035,test
C04_S3_D3_F00036,validation
C04_S3_D3_F00037,train
C04_S3_D3_F00038,train
C04_S3_D3_F00039,train
C04_S3_D3_F00040,train
C04_S3_D4_F00001,train
C04_S3_D4_F00002,train
C04_S3_D4_F00003,train
C04_S3_D4_F00004,train
C04_S3_D4_F00005,test
C04_S3_D4_F00006,test
C04_S3_D4_F00007,train
C04_S3_D4_F00008,validation
C04_S3_D4_F00009,test
C04_S3_D4_F00010,train
C04_S3_D4_F00011,validation
C04_S3_D4_F00012,train
C04_S3_D4_F00013,train
C04_S3_D4_F00014,train
C04_S3_D4_F00015,train
C04_S3_D4_F00016,train
C04_S3_D4_F00017,train
C04_S3_D4_F00018,train
C04_S3_D4_F00019,train
C04_S3_D4_F00020,validation
C04_S3_D4_F00021,test
C04_S3_D4_F00022,train
C04_S3_D4_F00023,train
C04_S3_D4_F00024,validation
C04_S3_D4_F00025,train
C04_S3_D4_F00026,train
C04_S3_D4_F00027,train
C04_S3_D4_F00028,test
C04_S3_D4_F00029,test
C04_S3_D4_F00030,train
C04_S3_D4_F00031,train
C04_S3_D4_F00032,train
C04_S3_D4_F00033,train
C04_S3_D4_F00034,validation
C04_S3_D4_F00035,train
C04_S3_D4_F00036,validation
C04_S3_D4_F00037,train
C04_S3_D4_F00038,train
C04_S3_D4_F00039,train
C04_S3_D4_F00040,train
C05_S1_D1_F00001,train
C05_S1_D1_F00002,test
C05_S1_D1_F00003,test
C05_S1_D1_F00004,train
C05_S1_D1_F00005,validation
C05_S1_D1_F00006,train
C05_S1_D1_F00007,train
C05_S1_D1_F00008,train
C05_S1_D1_F00009,train
C05_S1_D1_F00010,train
C05_S1_D1_F00011,train
C05_S1_D1_F00012,train
C05_S1_D1_F00013,train
C05_S1_D1_F00014,test
C05_S1_D1_F00015,train
C05_S1_D1_F00016,train
C05_S1_D1_F00017,validation
C05_S1_D1_F00018,validation
C05_S1_D1_F00019,train
C05_S1_D1_F00020,train
C05_S1_D1_F00021,train
C05_S1_D1_F00022,validation
C05_S1_D1_F00023,train
C05_S1_D1_F00024,validation
C05_S1_D1_F00025,test
C05_S1_D1_F00026,train
C05_S1_D1_F00027,train
C05_S1_D1_F00028,train
C05_S1_D1_F00029,train
C05_S1_D1_F00030,train
C05_S1_D1_F00031,train
C05_S1_D1_F00032,train
C05_S1_D1_F00033,train
C05_S1_D1_F00034,train
C05_S1_D1_F00035,test
C05_S1_D1_F00036,train
C05_S1_D1_F00037,train
C05_S1_D1_F00038,train
C05_S1_D1_F00039,validation
C05_S1_D1_F00040,test
C05_S1_D2_F00001,test
C05_S1_D2_F00002,test
C05_S1_D2_F00003,train
C05_S1_D2_F00004,train
C05_S1_D2_F00005,train
C05_S1_D2_F00006,train
C05_S1_D2_F00007,train
C05_S1_D2_F00008,validation
C05_S1_D2_F00009,train
C05_S1_D2_F00010,test
C05_S1_D2_F00011,train
C05_S1_D2_F00012,train
C05_S1_D2_F00013,train
C05_S1_D2_F00014,train
C05_S1_D2_F00015,train
C05_S1_D2_F00016,train
C05_S1_D2_F00017,validation
C05_S1_D2_F00018,train
C05_S1_D2_F00019,validation
C05_S1_D2_F00020,train
C05_S1_D2_F00021,train
C05_S1_D2_F00022,validation
C05_S1_D2_F00023,test
C05_S1_D2_F00024,train
C05_S1_D2_F00025,validation
C05_S1_D2_F00026,train
C05_S1_D2_F00027,train
C05_S1_D2_F00028,test
C05_S1_D2_F00029,train
C05_S1_D2_F00030,train
C05_S1_D2_F00031,train
C05_S1_D2_F00032,train
C05_S1_D2_F00033,train
C05_S1_D2_F00034,test
C05_S1_D2_F00035,train
C05_S1_D2_F00036,train
C05_S1_D2_F00037,train
C05_S1_D2_F00038,validation
C05_S1_D2_F00039,train
C05_S1_D2_F00040,train
C05_S1_D3_F00001,train
C05_S1_D3_F00002,train
C05_S1_D3_F00003,train
C05_S1_D3_F00004,train
C05_S1_D3_F00005,train
C05_S1_D3_F00006,train
C05_S1_D3_F00007,test
C05_S1_D3_F00008,validation
C05_S1_D3_F00009,train
C05_S1_D3_F00010,validation
C05_S1_D3_F00011,train
C05_S1_D3_F00012,test
C05_S1_D3_F00013,test
C05_S1_D3_F00014,train
C05_S1_D3_F00015,validation
C05_S1_D3_F00016,train
C05_S1_D3_F00017,train
C05_S1_D3_F00018,train
C05_S1_D3_F00019,train
C05_S1_D3_F00020,train
C05_S1_D3_F00021,train
C05_S1_D3_F00022,train
C05_S1_D3_F00023,train
C05_S1_D3_F00024,test
C05_S1_D3_F00025,validation
C05_S1_D3_F00026,validation
C05_S1_D3_F00027,train
C05_S1_D3_F00028,train
C05_S1_D3_F00029,train
C05_S1_D3_F00030,test
C05_S1_D3_F00031,train
C05_S1_D3_F00032,train
C05_S1_D3_F00033,train
C05_S1_D3_F00034,test
C05_S1_D3_F00035,train
C05_S1_D3_F00036,train
C05_S1_D3_F00037,validation
C05_S1_D3_F00038,train
C05_S1_D3_F00039,train
C05_S1_D3_F00040,train
C05_S1_D4_F00001,train
C05_S1_D4_F00002,test
C05_S1_D4_F00003,train
C05_S1_D4_F00004,validation
C05_S1_D4_F00005,train
C05_S1_D4_F00006,train
C05_S1_D4_F00007,test
C05_S1_D4_F00008,train
C05_S1_D4_F00009,validation
C05_S1_D4_F00010,train
C05_S1_D4_F00011,test
C05_S1_D4_F00012,train
C05_S1_D4_F00013,validation
C05_S1_D4_F00014,train
C05_S1_D4_F00015,train
C05_S1_D4_F00016,train
C05_S1_D4_F00017,train
C05_S1_D4_F00018,train
C05_S1_D4_F00019,train
C05_S1_D4_F00020,train
C05_S1_D4_F00021,train
C05_S1_D4_F00022,train
C05_S1_D4_F00023,test
C05_S1_D4_F00024,validation
C05_S1_D4_F00025,train
C05_S1_D4_F00026,train
C05_S1_D4_F00027,train
C05_S1_D4_F00028,train
C05_S1_D4_F00029,train
C05_S1_D4_F00030,train
C05_S1_D4_F00031,test
C05_S1_D4_F00032,train
C05_S1_D4_F00033,train
C05_S1_D4_F00034,validation
C05_S1_D4_F00035,train
C05_S1_D4_F00036,train
C05_S1_D4_F00037,test
C05_S1_D4_F00038,train
C05_S1_D4_F00039,train
C05_S1_D4_F00040,validation
C05_S2_D1_F00001,train
C05_S2_D1_F00002,train
C05_S2_D1_F00003,test
C05_S2_D1_F00004,train
C05_S2_D1_F00005,train
C05_S2_D1_F00006,train
C05_S2_D1_F00007,train
C05_S2_D1_F00008,train
C05_S2_D1_F00009,test
C05_S2_D1_F00010,train
C05_S2_D1_F00011,train
C05_S2_D1_F00012,train
C05_S2_D1_F00013,validation
C05_S2_D1_F00014,train
C05_S2_D1_F00015,train
C05_S2_D1_F00016,validation
C05_S2_D1_F00017,test
C05_S2_D1_F00018,train
C05_S2_D1_F00019,validation
C05_S2_D1_F00020,train
C05_S2_D1_F00021,train
C05_S2_D1_F00022,validation
C05_S2_D1_F00023,test
C05_S2_D1_F00024,test
C05_S2_D1_F00025,train
C05_S2_D1_F00026,train
C05_S2_D1_F00027,train
C05_S2_D1_F00028,train
C05_S2_D1_F00029,train
C05_S2_D1_F00030,validation
C05_S2_D1_F00031,train
C05_S2_D1_F00032,train
C05_S2_D1_F00033,train
C05_S2_D1_F00034,train
C05_S2_D1_F00035,train
C05_S2_D1_F00036,train
C05_S2_D1_F00037,train
C05_S2_D1_F00038,train
C05_S2_D1_F00039,validation
C05_S2_D1_F00040,test
C05_S2_D2_F00001,train
C05_S2_D2_F00002,train
C05_S2_D2_F00003,train
C05_S2_D2_F00004,train
C05_S2_D2_F00005,validation
C05_S2_D2_F00006,test
C05_S2_D2_F00007,train
C05_S2_D2_F00008,train
C05_S2_D2_F00009,train
C05_S2_D2_F00010,train
C05_S2_D2_F00011,validation
C05_S2_D2_F00012,test
C05_S2_D2_F00013,validation
C05_S2_D2_F00014,train
C05_S2_D2_F00015,test
C05_S2_D2_F00016,train
C05_S2_D2_F00017,train
C05_S2_D2_F00018,train
C05_S2_D2_F00019,train
C05_S2_D2_F00020,train
C05_S2_D2_F00021,train
C05_S2_D2_F00022,train
C05_S2_D2_F00023,train
C05_S2_D2_F00024,train
C05_S2_D2_F00025,test
C05_S2_D2_F00026,validation
C05_S2_D2_F00027,validation
C05_S2_D2_F00028,train
C05_S2_D2_F00029,test
C05_S2_D2_F00030,test
C05_S2_D2_F00031,train
C05_S2_D2_F00032,train
C05_S2_D2_F00033,train
C05_S2_D2_F00034,train
C05_S2_D2_F00035,train
C05_S2_D2_F00036,train
C05_S2_D2_F00037,train
C05_S2_D2_F00038,validation
C05_S2_D2_F00039,train
C05_S2_D2_F00040,train
C05_S2_D3_F00001,validation
C05_S2_D3_F00002,train
C05_S2_D3_F00003,train
C05_S2_D3_F00004,train
C05_S2_D3_F00005,train
C05_S2_D3_F00006,train
C05_S2_D3_F00007,validation
C05_S2_D3_F00008,train
C05_S2_D3_F00009,train
C05_S2_D3_F00010,train
C05_S2_D3_F00011,train
C05_S2_D3_F00012,train
C05_S2_D3_F00013,test
C05_S2_D3_F00014,train
C05_S2_D3_F00015,validation
C05_S2_D3_F00016,test
C05_S2_D3_F00017,test
C05_S2_D3_F00018,train
C05_S2_D3_F00019,train
C05_S2_D3_F00020,train
C05_S2_D3_F00021,validation
C05_S2_D3_F00022,train
C05_S2_D3_F00023,train
C05_S2_D3_F00024,train
C05_S2_D3_F00025,train
C05_S2_D3_F00026,train
C05_S2_D3_F00027,train
C05_S2_D3_F00028,train
C05_S2_D3_F00029,train
C05_S2_D3_F00030,train
C05_S2_D3_F00031,train
C05_S2_D3_F00032,test
C05_S2_D3_F00033,validation
C05_S2_D3_F00034,validation
C05_S2_D3_F00035,train
C05_S2_D3_F00036,test
C05_S2_D3_F00037,train
C05_S2_D3_F00038,test
C05_S2_D3_F00039,train
C05_S2_D3_F00040,train
C05_S2_D4_F00001,train
C05_S2_D4_F00002,train
C05_S2_D4_F00003,train
C05_S2_D4_F00004,train
C05_S2_D4_F00005,train
C05_S2_D4_F00006,train
C05_S2_D4_F00007,train
C05_S2_D4_F00008,train
C05_S2_D4_F00009,train
C05_S2_D4_F00010,validation
C05_S2_D4_F00011,train
C05_S2_D4_F00012,test
C05_S2_D4_F00013,validation
C05_S2_D4_F00014,train
C05_S2_D4_F00015,validation
C05_S2_D4_F00016,test
C05_S2_D4_F00017,train
C05_S2_D4_F00018,test
C05_S2_D4_F00019,train
C05_S2_D4_F00020,train
C05_S2_D4_F00021,train
C05_S2_D4_F00022,validation
C05_S2_D4_F00023,train
C05_S2_D4_F00024,train
C05_S2_D4_F00025,test
C05_S2_D4_F00026,train
C05_S2_D4_F00027,train
C05_S2_D4_F00028,validation
C05_S2_D4_F00029,train
C05_S2_D4_F00030,train
C05_S2_D4_F00031,train
C05_S2_D4_F00032,test
C05_S2_D4_F00033,train
C05_S2_D4_F00034,train
C05_S2_D4_F00035,train
C05_S2_D4_F00036,validation
C05_S2_D4_F00037,train
C05_S2_D4_F00038,test
C05_S2_D4_F00039,train
C05_S2_D4_F00040,train
C05_S3_D1_F00001,train
C05_S3_D1_F00002,validation
C05_S3_D1_F00003,train
C05_S3_D1_F00004,train
C05_S3_D1_F00005,validation
C05_S3_D1_F00006,train
C05_S3_D1_F00007,train
C05_S3_D1_F00008,train
C05_S3_D1_F00009,train
C05_S3_D1_F00010,train
C05_S3_D1_F00011,test
C05_S3_D1_F00012,train
C05_S3_D1_F00013,train
C05_S3_D1_F00014,test
C05_S3_D1_F00015,validation
C05_S3_D1_F00016,train
C05_S3_D1_F00017,train
C05_S3_D1_F00018,test
C05_S3_D1_F00019,train
C05_S3_D1_F00020,train
C05_S3_D1_F00021,validation
C05_S3_D1_F00022,train
C05_S3_D1_F00023,test
C05_S3_D1_F00024,train
C05_S3_D1_F00025,validation
C05_S3_D1_F00026,train
C05_S3_D1_F00027,validation
C05_S3_D1_F00028,train
C05_S3_D1_F00029,train
C05_S3_D1_F00030,test
C05_S3_D1_F00031,train
C05_S3_D1_F00032,test
C05_S3_D1_F00033,train
C05_S3_D1_F00034,train
C05_S3_D1_F00035,train
C05_S3_D1_F00036,train
C05_S3_D1_F00037,train
C05_S3_D1_F00038,train
C05_S3_D1_F00039,train
C05_S3_D1_F00040,train
C05_S3_D2_F00001,test
C05_S3_D2_F00002,test
C05_S3_D2_F00003,train
C05_S3_D2_F00004,train
C05_S3_D2_F00005,train
C05_S3_D2_F00006,train
C05_S3_D2_F00007,train
C05_S3_D2_F00008,train
C05_S3_D2_F00009,train
C05_S3_D2_F00010,train
C05_S3_D2_F00011,train
C05_S3_D2_F00012,validation
C05_S3_D2_F00013,train
C05_S3_D2_F00014,validation
C05_S3_D2_F00015,train
C05_S3_D2_F00016,train
C05_S3_D2_F00017,test
C05_S3_D2_F00018,train
C05_S3_D2_F00019,validation
C05_S3_D2_F00020,train
C05_S3_D2_F00021,train
C05_S3_D2_F00022,validation
C05_S3_D2_F00023,train
C05_S3_D2_F00024,train
C05_S3_D2_F00025,test
C05_S3_D2_F00026,validation
C05_S3_D2_F00027,validation
C05_S3_D2_F00028,train
C05_S3_D2_F00029,train
C05_S3_D2_F00030,train
C05_S3_D2_F00031,train
C05_S3_D2_F00032,test
C05_S3_D2_F00033,train
C05_S3_D2_F00034,train
C05_S3_D2_F00035,train
C05_S3_D2_F00036,train
C05_S3_D2_F00037,train
C05_S3_D2_F00038,test
C05_S3_D2_F00039,train
C05_S3_D2_F00040,train
C05_S3_D3_F00001,train
C05_S3_D3_F00002,train
C05_S3_D3_F00003,train
C05_S3_D3_F00004,train
C05_S3_D3_F00005,validation
C05_S3_D3_F00006,train
C05_S3_D3_F00007,train
C05_S3_D3_F00008,train
C05_S3_D3_F00009,train
C05_S3_D3_F00010,train
C05_S3_D3_F00011,train
C05_S3_D3_F00012,validation
C05_S3_D3_F00013,validation
C05_S3_D3_F00014,test
C05_S3_D3_F00015,test
C05_S3_D3_F00016,train
C05_S3_D3_F00017,train
C05_S3_D3_F00018,train
C05_S3_D3_F00019,test
C05_S3_D3_F00020,train
C05_S3_D3_F00021,train
C05_S3_D3_F00022,train
C05_S3_D3_F00023,train
C05_S3_D3_F00024,validation
C05_S3_D3_F00025,train
C05_S3_D3_F00026,train
C05_S3_D3_F00027,train
C05_S3_D3_F00028,train
C05_S3_D3_F00029,train
C05_S3_D3_F00030,train
C05_S3_D3_F00031,test
C05_S3_D3_F00032,validation
C05_S3_D3_F00033,test
C05_S3_D3_F00034,test
C05_S3_D3_F00035,validation
C05_S3_D3_F00036,train
C05_S3_D3_F00037,train
C05_S3_D3_F00038,train
C05_S3_D3_F00039,train
C05_S3_D3_F00040,train
C05_S3_D4_F00001,train
C05_S3_D4_F00002,train
C05_S3_D4_F00003,train
C05_S3_D4_F00004,train
C05_S3_D4_F00005,validation
C05_S3_D4_F00006,train
C05_S3_D4_F00007,test
C05_S3_D4_F00008,train
C05_S3_D4_F00009,train
C05_S3_D4_F00010,train
C05_S3_D4_F00011,train
C05_S3_D4_F00012,test
C05_S3_D4_F00013,train
C05_S3_D4_F00014,test
C05_S3_D4_F00015,validation
C05_S3_D4_F00016,train
C05_S3_D4_F00017,train
C05_S3_D4_F00018,train
C05_S3_D4_F00019,train
C05_S3_D4_F00020,validation
C05_S3_D4_F00021,test
C05_S3_D4_F00022,validation
C05_S3_D4_F00023,train
C05_S3_D4_F00024,validation
C05_S3_D4_F00025,train
C05_S3_D4_F00026,train
C05_S3_D4_F00027,train
C05_S3_D4_F00028,train
C05_S3_D4_F00029,train
C05_S3_D4_F00030,train
C05_S3_D4_F00031,train
C05_S3_D4_F00032,validation
C05_S3_D4_F00033,train
C05_S3_D4_F00034,train
C05_S3_D4_F00035,test
C05_S3_D4_F00036,test
C05_S3_D4_F00037,train
C05_S3_D4_F00038,train
C05_S3_D4_F00039,train
C05_S3_D4_F00040,train
C06_S1_D1_F00001,validation
C06_S1_D1_F00002,train
C06_S1_D1_F00003,train
C06_S1_D1_F00004,validation
C06_S1_D1_F00005,test
C06_S1_D1_F00006,train
C06_S1_D1_F00007,validation
C06_S1_D1_F00008,test
C06_S1_D1_F00009,train
C06_S1_D1_F00010,train
C06_S1_D1_F00011,train
C06_S1_D1_F00012,train
C06_S1_D1_F00013,train
C06_S1_D1_F00014,train
C06_S1_D1_F00015,train
C06_S1_D1_F00016,train
C06_S1_D1_F00017,train
C06_S1_D1_F00018,train
C06_S1_D1_F00019,test
C06_S1_D1_F00020,train
C06_S1_D1_F00021,train
C06_S1_D1_F00022,train
C06_S1_D1_F00023,test
C06_S1_D1_F00024,train
C06_S1_D1_F00025,train
C06_S1_D1_F00026,train
C06_S1_D1_F00027,validation
C06_S1_D1_F00028,train
C06_S1_D1_F00029,train
C06_S1_D1_F00030,train
C06_S1_D1_F00031,test
C06_S1_D1_F00032,train
C06_S1_D1_F00033,train
C06_S1_D1_F00034,train
C06_S1_D1_F00035,train
C06_S1_D1_F00036,validation
C06_S1_D1_F00037,test
C06_S1_D1_F00038,validation
C06_S1_D1_F00039,train
C06_S1_D1_F00040,train
C06_S1_D2_F00001,validation
C06_S1_D2_F00002,validation
C06_S1_D2_F00003,train
C06_S1_D2_F00004,train
C06_S1_D2_F00005,test
C06_S1_D2_F00006,train
C06_S1_D2_F00007,train
C06_S1_D2_F00008,train
C06_S1_D2_F00009,test
C06_S1_D2_F00010,test
C06_S1_D2_F00011,train
C06_S1_D2_F00012,train
C06_S1_D2_F00013,train
C06_S1_D2_F00014,train
C06_S1_D2_F00015,train
C06_S1_D2_F00016,train
C06_S1_D2_F00017,validation
C06_S1_D2_F00018,train
C06_S1_D2_F00019,train
C06_S1_D2_F00020,train
C06_S1_D2_F00021,train
C06_S1_D2_F00022,train
C06_S1_D2_F00023,validation
C06_S1_D2_F00024,train
C06_S1_D2_F00025,validation
C06_S1_D2_F00026,train
C06_S1_D2_F00027,train
C06_S1_D2_F00028,train
C06_S1_D2_F00029,train
C06_S1_D2_F00030,train
C06_S1_D2_F00031,test
C06_S1_D2_F00032,train
C06_S1_D2_F00033,train
C06_S1_D2_F00034,validation
C06_S1_D2_F00035,test
C06_S1_D2_F00036,train
C06_S1_D2_F00037,train
C06_S1_D2_F00038,test
C06_S1_D2_F00039,train
C06_S1_D2_F00040,train
C06_S1_D3_F00001,train
C06_S1_D3_F00002,validation
C06_S1_D3_F00003,train
C06_S1_D3_F00004,train
C06_S1_D3_F00005,train
C06_S1_D3_F00006,train
C06_S1_D3_F00007,train
C06_S1_D3_F00008,train
C06_S1_D3_F00009,train
C06_S1_D3_F00010,validation
C06_S1_D3_F00011,validation
C06_S1_D3_F00012,train
C06_S1_D3_F00013,test
C06_S1_D3_F00014,train
C06_S1_D3_F00015,train
C06_S1_D3_F00016,train
C06_S1_D3_F00017,test
C06_S1_D3_F00018,train
C06_S1_D3_F00019,test
C06_S1_D3_F00020,train
C06_S1_D3_F00021,train
C06_S1_D3_F00022,validation
C06_S1_D3_F00023,test
C06_S1_D3_F00024,train
C06_S1_D3_F00025,validation
C06_S1_D3_F00026,train
C06_S1_D3_F00027,validation
C06_S1_D3_F00028,test
C06_S1_D3_F00029,train
C06_S1_D3_F00030,test
C06_S1_D3_F00031,train
C06_S1_D3_F00032,train
C06_S1_D3_F00033,train
C06_S1_D3_F00034,train
C06_S1_D3_F00035,train
C06_S1_D3_F00036,train
C06_S1_D3_F00037,train
C06_S1_D3_F00038,train
C06_S1_D3_F00039,train
C06_S1_D3_F00040,train
C06_S1_D4_F00001,train
C06_S1_D4_F00002,validation
C06_S1_D4_F00003,train
C06_S1_D4_F00004,train
C06_S1_D4_F00005,train
C06_S1_D4_F00006,train
C06_S1_D4_F00007,train
C06_S1_D4_F00008,train
C06_S1_D4_F00009,test
C06_S1_D4_F00010,train
C06_S1_D4_F00011,test
C06_S1_D4_F00012,train
C06_S1_D4_F00013,train
C06_S1_D4_F00014,test
C06_S1_D4_F00015,train
C06_S1_D4_F00016,train
C06_S1_D4_F00017,validation
C06_S1_D4_F00018,train
C06_S1_D4_F00019,validation
C06_S1_D4_F00020,train
C06_S1_D4_F00021,train
C06_S1_D4_F00022,train
C06_S1_D4_F00023,train
C06_S1_D4_F00024,validation
C06_S1_D4_F00025,validation
C06_S1_D4_F00026,train
C06_S1_D4_F00027,train
C06_S1_D4_F00028,train
C06_S1_D4_F00029,train
C06_S1_D4_F00030,test
C06_S1_D4_F00031,train
C06_S1_D4_F00032,train
C06_S1_D4_F00033,test
C06_S1_D4_F00034,train
C06_S1_D4_F00035,train
C06_S1_D4_F00036,train
C06_S1_D4_F00037,train
C06_S1_D4_F00038,test
C06_S1_D4_F00039,validation
C06_S1_D4_F00040,train
C06_S2_D1_F00001,train
C06_S2_D1_F00002,train
C06_S2_D1_F00003,test
C06_S2_D1_F00004,train
C06_S2_D1_F00005,test
C06_S2_D1_F00006,train
C06_S2_D1_F00007,train
C06_S2_D1_F00008,train
C06_S2_D1_F00009,train
C06_S2_D1_F00010,validation
C06_S2_D1_F00011,train
C06_S2_D1_F00012,validation
C06_S2_D1_F00013,train
C06_S2_D1_F00014,train
C06_S2_D1_F00015,train
C06_S2_D1_F00016,test
C06_S2_D1_F00017,validation
C06_S2_D1_F00018,train
C06_S2_D1_F00019,train
C06_S2_D1_F00020,train
C06_S2_D1_F00021,train
C06_S2_D1_F00022,train
C06_S2_D1_F00023,train
C06_S2_D1_F00024,test
C06_S2_D1_F00025,train
C06_S2_D1_F00026,test
C06_S2_D1_F00027,train
C06_S2_D1_F00028,train
C06_S2_D1_F00029,train
C06_S2_D1_F00030,validation
C06_S2_D1_F00031,validation
C06_S2_D1_F00032,train
C06_S2_D1_F00033,train
C06_S2_D1_F00034,train
C06_S2_D1_F00035,train
C06_S2_D1_F00036,train
C06_S2_D1_F00037,train
C06_S2_D1_F00038,train
C06_S2_D1_F00039,validation
C06_S2_D1_F00040,test
C06_S2_D2_F00001,train
C06_S2_D2_F00002,test
C06_S2_D2_F00003,train
C06_S2_D2_F00004,train
C06_S2_D2_F00005,test
C06_S2_D2_F00006,train
C06_S2_D2_F00007,validation
C06_S2_D2_F00008,train
C06_S2_D2_F00009,validation
C06_S2_D2_F00010,train
C06_S2_D2_F00011,train
C06_S2_D2_F00012,validation
C06_S2_D2_F00013,test
C06_S2_D2_F00014,train
C06_S2_D2_F00015,train
C06_S2_D2_F00016,train
C06_S2_D2_F00017,train
C06_S2_D2_F00018,train
C06_S2_D2_F00019,train
C06_S2_D2_F00020,train
C06_S2_D2_F00021,test
C06_S2_D2_F00022,train
C06_S2_D2_F00023,train
C06_S2_D2_F00024,train
C06_S2_D2_F00025,train
C06_S2_D2_F00026,train
C06_S2_D2_F00027,test
C06_S2_D2_F00028,train
C06_S2_D2_F00029,validation
C06_S2_D2_F00030,train
C06_S2_D2_F00031,test
C06_S2_D2_F00032,train
C06_S2_D2_F00033,train
C06_S2_D2_F00034,train
C06_S2_D2_F00035,validation
C06_S2_D2_F00036,train
C06_S2_D2_F00037,validation
C06_S2_D2_F00038,train
C06_S2_D2_F00039,train
C06_S2_D2_F00040,train
C06_S2_D3_F00001,train
C06_S2_D3_F00002,test
C06_S2_D3_F00003,train
C06_S2_D3_F00004,train
C06_S2_D3_F00005,validation
C06_S2_D3_F00006,train
C06_S2_D3_F00007,validation
C06_S2_D3_F00008,train
C06_S2_D3_F00009,train
C06_S2_D3_F00010,validation
C06_S2_D3_F00011,train
C06_S2_D3_F00012,train
C06_S2_D3_F00013,test
C06_S2_D3_F00014,train
C06_S2_D3_F00015,train
C06_S2_D3_F00016,train
C06_S2_D3_F00017,train
C06_S2_D3_F00018,train
C06_S2_D3_F00019,train
C06_S2_D3_F00020,test
C06_S2_D3_F00021,train
C06_S2_D3_F00022,train
C06_S2_D3_F00023,test
C06_S2_D3_F00024,validation
C06_S2_D3_F00025,train
C06_S2_D3_F00026,train
C06_S2_D3_F00027,train
C06_S2_D3_F00028,train
C06_S2_D3_F00029,train
C06_S2_D3_F00030,train
C06_S2_D3_F00031,train
C06_S2_D3_F00032,train
C06_S2_D3_F00033,validation
C06_S2_D3_F00034,train
C06_S2_D3_F00035,validation
C06_S2_D3_F00036,train
C06_S2_D3_F00037,train
C06_S2_D3_F00038,test
C06_S2_D3_F00039,train
C06_S2_D3_F00040,test
C06_S2_D4_F00001,train
C06_S2_D4_F00002,train
C06_S2_D4_F00003,validation
C06_S2_D4_F00004,train
C06_S2_D4_F00005,test
C06_S2_D4_F00006,train
C06_S2_D4_F00007,train
C06_S2_D4_F00008,validation
C06_S2_D4_F00009,test
C06_S2_D4_F00010,train
C06_S2_D4_F00011,train
C06_S2_D4_F00012,test
C06_S2_D4_F00013,train
C06_S2_D4_F00014,train
C06_S2_D4_F00015,validation
C06_S2_D4_F00016,train
C06_S2_D4_F00017,train
C06_S2_D4_F00018,train
C06_S2_D4_F00019,train
C06_S2_D4_F00020,train
C06_S2_D4_F00021,train
C06_S2_D4_F00022,validation
C06_S2_D4_F00023,train
C06_S2_D4_F00024,train
C06_S2_D4_F00025,train
C06_S2_D4_F00026,train
C06_S2_D4_F00027,test
C06_S2_D4_F00028,train
C06_S2_D4_F00029,validation
C06_S2_D4_F00030,test
C06_S2_D4_F00031,train
C06_S2_D4_F00032,validation
C06_S2_D4_F00033,train
C06_S2_D4_F00034,train
C06_S2_D4_F00035,train
C06_S2_D4_F00036,train
C06_S2_D4_F00037,train
C06_S2_D4_F00038,train
C06_S2_D4_F00039,test
C06_S2_D4_F00040,train
C06_S3_D1_F00001,test
C06_S3_D1_F00002,train
C06_S3_D1_F00003,train
C06_S3_D1_F00004,test
C06_S3_D1_F00005,train
C06_S3_D1_F00006,train
C06_S3_D1_F00007,train
C06_S3_D1_F00008,train
C06_S3_D1_F00009,test
C06_S3_D1_F00010,train
C06_S3_D1_F00011,train
C06_S3_D1_F00012,train
C06_S3_D1_F00013,validation
C06_S3_D1_F00014,train
C06_S3_D1_F00015,train
C06_S3_D1_F00016,train
C06_S3_D1_F00017,train
C06_S3_D1_F00018,validation
C06_S3_D1_F00019,validation
C06_S3_D1_F00020,train
C06_S3_D1_F00021,train
C06_S3_D1_F00022,validation
C06_S3_D1_F00023,test
C06_S3_D1_F00024,validation
C06_S3_D1_F00025,train
C06_S3_D1_F00026,train
C06_S3_D1_F00027,train
C06_S3_D1_F00028,train
C06_S3_D1_F00029,train
C06_S3_D1_F00030,train
C06_S3_D1_F00031,train
C06_S3_D1_F00032,train
C06_S3_D1_F00033,train
C06_S3_D1_F00034,test
C06_S3_D1_F00035,validation
C06_S3_D1_F00036,train
C06_S3_D1_F00037,train
C06_S3_D1_F00038,train
C06_S3_D1_F00039,test
C06_S3_D1_F00040,train
C06_S3_D2_F00001,test
C06_S3_D2_F00002,train
C06_S3_D2_F00003,train
C06_S3_D2_F00004,train
C06_S3_D2_F00005,train
C06_S3_D2_F00006,train
C06_S3_D2_F00007,train
C06_S3_D2_F00008,test
C06_S3_D2_F00009,train
C06_S3_D2_F00010,validation
C06_S3_D2_F00011,train
C06_S3_D2_F00012,validation
C06_S3_D2_F00013,train
C06_S3_D2_F00014,validation
C06_S3_D2_F00015,train
C06_S3_D2_F00016,test
C06_S3_D2_F00017,train
C06_S3_D2_F00018,train
C06_S3_D2_F00019,train
C06_S3_D2_F00020,train
C06_S3_D2_F00021,train
C06_S3_D2_F00022,validation
C06_S3_D2_F00023,train
C06_S3_D2_F00024,train
C06_S3_D2_F00025,test
C06_S3_D2_F00026,validation
C06_S3_D2_F00027,train
C06_S3_D2_F00028,train
C06_S3_D2_F00029,train
C06_S3_D2_F00030,train
C06_S3_D2_F00031,test
C06_S3_D2_F00032,train
C06_S3_D2_F00033,train
C06_S3_D2_F00034,train
C06_S3_D2_F00035,train
C06_S3_D2_F00036,validation
C06_S3_D2_F00037,test
C06_S3_D2_F00038,train
C06_S3_D2_F00039,train
C06_S3_D2_F00040,train
C06_S3_D3_F00001,train
C06_S3_D3_F00002,test
C06_S3_D3_F00003,train
C06_S3_D3_F00004,validation
C06_S3_D3_F00005,train
C06_S3_D3_F00006,train
C06_S3_D3_F00007,train
C06_S3_D3_F00008,test
C06_S3_D3_F00009,train
C06_S3_D3_F00010,train
C06_S3_D3_F00011,validation
C06_S3_D3_F00012,train
C06_S3_D3_F00013,train
C06_S3_D3_F00014,validation
C06_S3_D3_F00015,train
C06_S3_D3_F00016,train
C06_S3_D3_F00017,train
C06_S3_D3_F00018,test
C06_S3_D3_F00019,train
C06_S3_D3_F00020,train
C06_S3_D3_F00021,train
C06_S3_D3_F00022,train
C06_S3_D3_F00023,train
C06_S3_D3_F00024,train
C06_S3_D3_F00025,test
C06_S3_D3_F00026,test
C06_S3_D3_F00027,validation
C06_S3_D3_F00028,train
C06_S3_D3_F00029,train
C06_S3_D3_F00030,train
C06_S3_D3_F00031,test
C06_S3_D3_F00032,train
C06_S3_D3_F00033,validation
C06_S3_D3_F00034,validation
C06_S3_D3_F00035,train
C06_S3_D3_F00036,train
C06_S3_D3_F00037,train
C06_S3_D3_F00038,train
C06_S3_D3_F00039,train
C06_S3_D3_F00040,train
C06_S3_D4_F00001,train
C06_S3_D4_F00002,train
C06_S3_D4_F00003,train
C06_S3_D4_F00004,train
C06_S3_D4_F00005,train
C06_S3_D4_F00006,train
C06_S3_D4_F00007,train
C06_S3_D4_F00008,train
C06_S3_D4_F00009,validation
C06_S3_D4_F00010,train
C06_S3_D4_F00011,train
C06_S3_D4_F00012,train
C06_S3_D4_F00013,validation
C06_S3_D4_F00014,test
C06_S3_D4_F00015,test
C06_S3_D4_F00016,train
C06_S3_D4_F00017,train
C06_S3_D4_F00018,train
C06_S3_D4_F00019,validation
C06_S3_D4_F00020,test
C06_S3_D4_F00021,train
C06_S3_D4_F00022,train
C06_S3_D4_F00023,train
C06_S3_D4_F00024,test
C06_S3_D4_F00025,train
C06_S3_D4_F00026,validation
C06_S3_D4_F00027,test
C06_S3_D4_F00028,train
C06_S3_D4_F00029,train
C06_S3_D4_F00030,train
C06_S3_D4_F00031,train
C06_S3_D4_F00032,validation
C06_S3_D4_F00033,train
C06_S3_D4_F00034,train
C06_S3_D4_F00035,train
C06_S3_D4_F00036,train
C06_S3_D4_F00037,test
C06_S3_D4_F00038,validation
C06_S3_D4_F00039,train
C06_S3_D4_F00040,train
C07_S1_D1_F00001,train
C07_S1_D1_F00002,train
C07_S1_D1_F00003,train
C07_S1_D1_F00004,train
C07_S1_D1_F00005,test
C07_S1_D1_F00006,validation
C07_S1_D1_F00007,train
C07_S1_D1_F00008,test
C07_S1_D1_F00009,test
C07_S1_D1_F00010,train
C07_S1_D1_F00011,train
C07_S1_D1_F00012,train
C07_S1_D1_F00013,train
C07_S1_D1_F00014,validation
C07_S1_D1_F00015,train
C07_S1_D1_F00016,train
C07_S1_D1_F00017,train
C07_S1_D1_F00018,validation
C07_S1_D1_F00019,train
C07_S1_D1_F00020,train
C07_S1_D1_F00021,train
C07_S1_D1_F00022,train
C07_S1_D1_F00023,train
C07_S1_D1_F00024,train
C07_S1_D1_F00025,train
C07_S1_D1_F00026,train
C07_S1_D1_F00027,train
C07_S1_D1_F00028,validation
C07_S1_D1_F00029,test
C07_S1_D1_F00030,train
C07_S1_D1_F00031,train
C07_S1_D1_F00032,train
C07_S1_D1_F00033,validation
C07_S1_D1_F00034,validation
C07_S1_D1_F00035,train
C07_S1_D1_F00036,train
C07_S1_D1_F00037,train
C07_S1_D1_F00038,test
C07_S1_D1_F00039,train
C07_S1_D1_F00040,test
C07_S1_D2_F00001,train
C07_S1_D2_F00002,train
C07_S1_D2_F00003,train
C07_S1_D2_F00004,validation
C07_S1_D2_F00005,train
C07_S1_D2_F00006,train
C07_S1_D2_F00007,train
C07_S1_D2_F00008,test
C07_S1_D2_F00009,test
C07_S1_D2_F00010,train
C07_S1_D2_F00011,train
C07_S1_D2_F00012,validation
C07_S1_D2_F00013,train
C07_S1_D2_F00014,train
C07_S1_D2_F00015,test
C07_S1_D2_F00016,train
C07_S1_D2_F00017,train
C07_S1_D2_F00018,train
C07_S1_D2_F00019,validation
C07_S1_D2_F00020,train
C07_S1_D2_F00021,train
C07_S1_D2_F00022,train
C07_S1_D2_F00023,train
C07_S1_D2_F00024,train
C07_S1_D2_F00025,train
C07_S1_D2_F00026,train
C07_S1_D2_F00027,train
C07_S1_D2_F00028,train
C07_S1_D2_F00029,train
C07_S1_D2_F00030,test
C07_S1_D2_F00031,train
C07_S1_D2_F00032,validation
C07_S1_D2_F00033,validation
C07_S1_D2_F00034,train
C07_S1_D2_F00035,validation
C07_S1_D2_F00036,train
C07_S1_D2_F00037,test
C07_S1_D2_F00038,train
C07_S1_D2_F00039,train
C07_S1_D2_F00040,test
C07_S1_D3_F00001,test
C07_S1_D3_F00002,validation
C07_S1_D3_F00003,train
C07_S1_D3_F00004,train
C07_S1_D3_F00005,train
C07_S1_D3_F00006,test
C07_S1_D3_F00007,train
C07_S1_D3_F00008,train
C07_S1_D3_F00009,train
C07_S1_D3_F00010,train
C07_S1_D3_F00011,validation
C07_S1_D3_F00012,test
C07_S1_D3_F00013,train
C07_S1_D3_F00014,train
C07_S1_D3_F00015,train
C07_S1_D3_F00016,validation
C07_S1_D3_F00017,train
C07_S1_D3_F00018,train
C07_S1_D3_F00019,train
C07_S1_D3_F00020,train
C07_S1_D3_F00021,train
C07_S1_D3_F00022,train
C07_S1_D3_F00023,train
C07_S1_D3_F00024,train
C07_S1_D3_F00025,train
C07_S1_D3_F00026,train
C07_S1_D3_F00027,test
C07_S1_D3_F00028,validation
C07_S1_D3_F00029,train
C07_S1_D3_F00030,test
C07_S1_D3_F00031,train
C07_S1_D3_F00032,train
C07_S1_D3_F00033,test
C07_S1_D3_F00034,train
C07_S1_D3_F00035,train
C07_S1_D3_F00036,train
C07_S1_D3_F00037,validation
C07_S1_D3_F00038,train
C07_S1_D3_F00039,train
C07_S1_D3_F00040,validation
C07_S1_D4_F00001,train
C07_S1_D4_F00002,train
C07_S1_D4_F00003,validation
C07_S1_D4_F00004,test
C07_S1_D4_F00005,train
C07_S1_D4_F00006,test
C07_S1_D4_F00007,train
C07_S1_D4_F00008,train
C07_S1_D4_F00009,train
C07_S1_D4_F00010,train
C07_S1_D4_F00011,train
C07_S1_D4_F00012,train
C07_S1_D4_F00013,validation
C07_S1_D4_F00014,train
C07_S1_D4_F00015,train
C07_S1_D4_F00016,test
C07_S1_D4_F00017,train
C07_S1_D4_F00018,train
C07_S1_D4_F00019,train
C07_S1_D4_F00020,validation
C07_S1_D4_F00021,validation
C07_S1_D4_F00022,validation
C07_S1_D4_F00023,train
C07_S1_D4_F00024,train
C07_S1_D4_F00025,test
C07_S1_D4_F00026,test
C07_S1_D4_F00027,train
C07_S1_D4_F00028,test
C07_S1_D4_F00029,train
C07_S1_D4_F00030,train
C07_S1_D4_F00031,train
C07_S1_D4_F00032,train
C07_S1_D4_F00033,train
C07_S1_D4_F00034,train
C07_S1_D4_F00035,validation
C07_S1_D4_F00036,train
C07_S1_D4_F00037,train
C07_S1_D4_F00038,train
C07_S1_D4_F00039,train
C07_S1_D4_F00040,train
C07_S2_D1_F00001,train
C07_S2_D1_F00002,test
C07_S2_D1_F00003,train
C07_S2_D1_F00004,test
C07_S2_D1_F00005,train
C07_S2_D1_F00006,train
C07_S2_D1_F00007,train
C07_S2_D1_F00008,train
C07_S2_D1_F00009,train
C07_S2_D1_F00010,test
C07_S2_D1_F00011,train
C07_S2_D1_F00012,train
C07_S2_D1_F00013,validation
C07_S2_D1_F00014,train
C07_S2_D1_F00015,train
C07_S2_D1_F00016,train
C07_S2_D1_F00017,train
C07_S2_D1_F00018,train
C07_S2_D1_F00019,validation
C07_S2_D1_F00020,validation
C07_S2_D1_F00021,train
C07_S2_D1_F00022,train
C07_S2_D1_F00023,train
C07_S2_D1_F00024,train
C07_S2_D1_F00025,train
C07_S2_D1_F00026,test
C07_S2_D1_F00027,train
C07_S2_D1_F00028,validation
C07_S2_D1_F00029,validation
C07_S2_D1_F00030,train
C07_S2_D1_F00031,validation
C07_S2_D1_F00032,train
C07_S2_D1_F00033,test
C07_S2_D1_F00034,train
C07_S2_D1_F00035,train
C07_S2_D1_F00036,train
C07_S2_D1_F00037,train
C07_S2_D1_F00038,test
C07_S2_D1_F00039,train
C07_S2_D1_F00040,train
C07_S2_D2_F00001,validation
C07_S2_D2_F00002,train
C07_S2_D2_F00003,train
C07_S2_D2_F00004,train
C07_S2_D2_F00005,train
C07_S2_D2_F00006,train
C07_S2_D2_F00007,train
C07_S2_D2_F00008,test
C07_S2_D2_F00009,validation
C07_S2_D2_F00010,validation
C07_S2_D2_F00011,test
C07_S2_D2_F00012,train
C07_S2_D2_F00013,test
C07_S2_D2_F00014,train
C07_S2_D2_F00015,train
C07_S2_D2_F00016,train
C07_S2_D2_F00017,train
C07_S2_D2_F00018,train
C07_S2_D2_F00019,train
C07_S2_D2_F00020,train
C07_S2_D2_F00021,train
C07_S2_D2_F00022,train
C07_S2_D2_F00023,validation
C07_S2_D2_F00024,test
C07_S2_D2_F00025,test
C07_S2_D2_F00026,train
C07_S2_D2_F00027,train
C07_S2_D2_F00028,train
C07_S2_D2_F00029,train
C07_S2_D2_F00030,train
C07_S2_D2_F00031,train
C07_S2_D2_F00032,train
C07_S2_D2_F00033,train
C07_S2_D2_F00034,train
C07_S2_D2_F00035,validation
C07_S2_D2_F00036,train
C07_S2_D2_F00037,train
C07_S2_D2_F00038,test
C07_S2_D2_F00039,train
C07_S2_D2_F00040,validation
C07_S2_D3_F00001,train
C07_S2_D3_F00002,train
C07_S2_D3_F00003,test
C07_S2_D3_F00004,validation
C07_S2_D3_F00005,validation
C07_S2_D3_F00006,train
C07_S2_D3_F00007,train
C07_S2_D3_F00008,train
C07_S2_D3_F00009,validation
C07_S2_D3_F00010,train
C07_S2_D3_F00011,train
C07_S2_D3_F00012,train
C07_S2_D3_F00013,train
C07_S2_D3_F00014,train
C07_S2_D3_F00015,train
C07_S2_D3_F00016,test
C07_S2_D3_F00017,test
C07_S2_D3_F00018,train
C07_S2_D3_F00019,train
C07_S2_D3_F00020,train
C07_S2_D3_F00021,train
C07_S2_D3_F00022,train
C07_S2_D3_F00023,train
C07_S2_D3_F00024,train
C07_S2_D3_F00025,test
C07_S2_D3_F00026,validation
C07_S2_D3_F00027,train
C07_S2_D3_F00028,train
C07_S2_D3_F00029,train
C07_S2_D3_F00030,train
C07_S2_D3_F00031,train
C07_S2_D3_F00032,validation
C07_S2_D3_F00033,test
C07_S2_D3_F00034,validation
C07_S2_D3_F00035,test
C07_S2_D3_F00036,train
C07_S2_D3_F00037,train
C07_S2_D3_F00038,train
C07_S2_D3_F00039,train
C07_S2_D3_F00040,train
C07_S2_D4_F00001,validation
C07_S2_D4_F00002,train
C07_S2_D4_F00003,train
C07_S2_D4_F00004,train
C07_S2_D4_F00005,train
C07_S2_D4_F00006,train
C07_S2_D4_F00007,train
C07_S2_D4_F00008,train
C07_S2_D4_F00009,train
C07_S2_D4_F00010,train
C07_S2_D4_F00011,test
C07_S2_D4_F00012,train
C07_S2_D4_F00013,test
C07_S2_D4_F00014,validation
C07_S2_D4_F00015,train
C07_S2_D4_F00016,test
C07_S2_D4_F00017,train
C07_S2_D4_F00018,train
C07_S2_D4_F00019,train
C07_S2_D4_F00020,validation
C07_S2_D4_F00021,train
C07_S2_D4_F00022,test
C07_S2_D4_F00023,train
C07_S2_D4_F00024,test
C07_S2_D4_F00025,test
C07_S2_D4_F00026,train
C07_S2_D4_F00027,train
C07_S2_D4_F00028,train
C07_S2_D4_F00029,validation
C07_S2_D4_F00030,validation
C07_S2_D4_F00031,train
C07_S2_D4_F00032,validation
C07_S2_D4_F00033,train
C07_S2_D4_F00034,train
C07_S2_D4_F00035,train
C07_S2_D4_F00036,train
C07_S2_D4_F00037,train
C07_S2_D4_F00038,train
C07_S2_D4_F00039,train
C07_S2_D4_F00040,train
C07_S3_D1_F00001,train
C07_S3_D1_F00002,validation
C07_S3_D1_F00003,test
C07_S3_D1_F00004,train
C07_S3_D1_F00005,train
C07_S3_D1_F00006,train
C07_S3_D1_F00007,train
C07_S3_D1_F00008,validation
C07_S3_D1_F00009,train
C07_S3_D1_F00010,train
C07_S3_D1_F00011,train
C07_S3_D1_F00012,train
C07_S3_D1_F00013,train
C07_S3_D1_F00014,train
C07_S3_D1_F00015,train
C07_S3_D1_F00016,train
C07_S3_D1_F00017,test
C07_S3_D1_F00018,validation
C07_S3_D1_F00019,train
C07_S3_D1_F00020,test
C07_S3_D1_F00021,train
C07_S3_D1_F00022,train
C07_S3_D1_F00023,train
C07_S3_D1_F00024,validation
C07_S3_D1_F00025,train
C07_S3_D1_F00026,test
C07_S3_D1_F00027,test
C07_S3_D1_F00028,train
C07_S3_D1_F00029,train
C07_S3_D1_F00030,train
C07_S3_D1_F00031,train
C07_S3_D1_F00032,train
C07_S3_D1_F00033,train
C07_S3_D1_F00034,train
C07_S3_D1_F00035,test
C07_S3_D1_F00036,train
C07_S3_D1_F00037,train
C07_S3_D1_F00038,train
C07_S3_D1_F00039,validation
C07_S3_D1_F00040,validation
C07_S3_D2_F00001,test
C07_S3_D2_F00002,validation
C07_S3_D2_F00003,train
C07_S3_D2_F00004,train
C07_S3_D2_F00005,train
C07_S3_D2_F00006,train
C07_S3_D2_F00007,test
C07_S3_D2_F00008,train
C07_S3_D2_F00009,train
C07_S3_D2_F00010,train
C07_S3_D2_F00011,train
C07_S3_D2_F00012,validation
C07_S3_D2_F00013,train
C07_S3_D2_F00014,train
C07_S3_D2_F00015,validation
C07_S3_D2_F00016,train
C07_S3_D2_F00017,train
C07_S3_D2_F00018,train
C07_S3_D2_F00019,test
C07_S3_D2_F00020,train
C07_S3_D2_F00021,validation
C07_S3_D2_F00022,train
C07_S3_D2_F00023,train
C07_S3_D2_F00024,train
C07_S3_D2_F00025,train
C07_S3_D2_F00026,test
C07_S3_D2_F00027,validation
C07_S3_D2_F00028,train
C07_S3_D2_F00029,train
C07_S3_D2_F00030,train
C07_S3_D2_F00031,train
C07_S3_D2_F00032,train
C07_S3_D2_F00033,train
C07_S3_D2_F00034,test
C07_S3_D2_F00035,validation
C07_S3_D2_F00036,train
C07_S3_D2_F00037,train
C07_S3_D2_F00038,train
C07_S3_D2_F00039,train
C07_S3_D2_F00040,test
C07_S3_D3_F00001,validation
C07_S3_D3_F00002,train
C07_S3_D3_F00003,validation
C07_S3_D3_F00004,train
C07_S3_D3_F00005,test
C07_S3_D3_F00006,test
C07_S3_D3_F00007,train
C07_S3_D3_F00008,train
C07_S3_D3_F00009,train
C07_S3_D3_F00010,validation
C07_S3_D3_F00011,train
C07_S3_D3_F00012,train
C07_S3_D3_F00013,train
C07_S3_D3_F00014,train
C07_S3_D3_F00015,train
C07_S3_D3_F00016,train
C07_S3_D3_F00017,train
C07_S3_D3_F00018,test
C07_S3_D3_F00019,train
C07_S3_D3_F00020,train
C07_S3_D3_F00021,train
C07_S3_D3_F00022,train
C07_S3_D3_F00023,train
C07_S3_D3_F00024,validation
C07_S3_D3_F00025,train
C07_S3_D3_F00026,train
C07_S3_D3_F00027,train
C07_S3_D3_F00028,train
C07_S3_D3_F00029,train
C07_S3_D3_F00030,test
C07_S3_D3_F00031,validation
C07_S3_D3_F00032,train
C07_S3_D3_F00033,train
C07_S3_D3_F00034,train
C07_S3_D3_F00035,test
C07_S3_D3_F00036,train
C07_S3_D3_F00037,train
C07_S3_D3_F00038,train
C07_S3_D3_F00039,validation
C07_S3_D3_F00040,test
C07_S3_D4_F00001,test
C07_S3_D4_F00002,test
C07_S3_D4_F00003,train
C07_S3_D4_F00004,train
C07_S3_D4_F00005,train
C07_S3_D4_F00006,validation
C07_S3_D4_F00007,train
C07_S3_D4_F00008,train
C07_S3_D4_F00009,train
C07_S3_D4_F00010,train
C07_S3_D4_F00011,train
C07_S3_D4_F00012,train
C07_S3_D4_F00013,validation
C07_S3_D4_F00014,train
C07_S3_D4_F00015,train
C07_S3_D4_F00016,validation
C07_S3_D4_F00017,train
C07_S3_D4_F00018,test
C07_S3_D4_F00019,train
C07_S3_D4_F00020,train
C07_S3_D4_F00021,train
C07_S3_D4_F00022,train
C07_S3_D4_F00023,validation
C07_S3_D4_F00024,train
C07_S3_D4_F00025,test
C07_S3_D4_F00026,train
C07_S3_D4_F00027,train
C07_S3_D4_F00028,train
C07_S3_D4_F00029,train
C07_S3_D4_F00030,test
C07_S3_D4_F00031,train
C07_S3_D4_F00032,train
C07_S3_D4_F00033,train
C07_S3_D4_F00034,train
C07_S3_D4_F00035,train
C07_S3_D4_F00036,train
C07_S3_D4_F00037,validation
C07_S3_D4_F00038,train
C07_S3_D4_F00039,validation
C07_S3_D4_F00040,test
C08_S1_D1_F00001,validation
C08_S1_D1_F00002,train
C08_S1_D1_F00003,train
C08_S1_D1_F00004,test
C08_S1_D1_F00005,validation
C08_S1_D1_F00006,train
C08_S1_D1_F00007,train
C08_S1_D1_F00008,train
C08_S1_D1_F00009,train
C08_S1_D1_F00010,train
C08_S1_D1_F00011,train
C08_S1_D1_F00012,train
C08_S1_D1_F00013,train
C08_S1_D1_F00014,train
C08_S1_D1_F00015,test
C08_S1_D1_F00016,validation
C08_S1_D1_F00017,train
C08_S1_D1_F00018,test
C08_S1_D1_F00019,train
C08_S1_D1_F00020,train
C08_S1_D1_F00021,train
C08_S1_D1_F00022,train
C08_S1_D1_F00023,test
C08_S1_D1_F00024,train
C08_S1_D1_F00025,validation
C08_S1_D1_F00026,train
C08_S1_D1_F00027,test
C08_S1_D1_F00028,train
C08_S1_D1_F00029,validation
C08_S1_D1_F00030,train
C08_S1_D1_F00031,train
C08_S1_D1_F00032,test
C08_S1_D1_F00033,train
C08_S1_D1_F00034,train
C08_S1_D1_F00035,validation
C08_S1_D1_F00036,train
C08_S1_D1_F00037,train
C08_S1_D1_F00038,train
C08_S1_D1_F00039,train
C08_S1_D1_F00040,train
C08_S1_D2_F00001,train
C08_S1_D2_F00002,train
C08_S1_D2_F00003,train
C08_S1_D2_F00004,train
C08_S1_D2_F00005,train
C08_S1_D2_F00006,train
C08_S1_D2_F00007,train
C08_S1_D2_F00008,train
C08_S1_D2_F00009,train
C08_S1_D2_F00010,train
C08_S1_D2_F00011,test
C08_S1_D2_F00012,train
C08_S1_D2_F00013,test
C08_S1_D2_F00014,validation
C08_S1_D2_F00015,test
C08_S1_D2_F00016,train
C08_S1_D2_F00017,validation
C08_S1_D2_F00018,validation
C08_S1_D2_F00019,train
C08_S1_D2_F00020,train
C08_S1_D2_F00021,validation
C08_S1_D2_F00022,train
C08_S1_D2_F00023,train
C08_S1_D2_F00024,train
C08_S1_D2_F00025,train
C08_S1_D2_F00026,train
C08_S1_D2_F00027,test
C08_S1_D2_F00028,train
C08_S1_D2_F00029,train
C08_S1_D2_F00030,train
C08_S1_D2_F00031,train
C08_S1_D2_F00032,validation
C08_S1_D2_F00033,train
C08_S1_D2_F00034,train
C08_S1_D2_F00035,test
C08_S1_D2_F00036,train
C08_S1_D2_F00037,validation
C08_S1_D2_F00038,test
C08_S1_D2_F00039,train
C08_S1_D2_F00040,train
C08_S1_D3_F00001,test
C08_S1_D3_F00002,test
C08_S1_D3_F00003,train
C08_S1_D3_F00004,train
C08_S1_D3_F00005,train
C08_S1_D3_F00006,train
C08_S1_D3_F00007,train
C08_S1_D3_F00008,train
C08_S1_D3_F00009,train
C08_S1_D3_F00010,train
C08_S1_D3_F00011,test
C08_S1_D3_F00012,train
C08_S1_D3_F00013,validation
C08_S1_D3_F00014,train
C08_S1_D3_F00015,train
C08_S1_D3_F00016,train
C08_S1_D3_F00017,validation
C08_S1_D3_F00018,validation
C08_S1_D3_F00019,train
C08_S1_D3_F00020,train
C08_S1_D3_F00021,train
C08_S1_D3_F00022,validation
C08_S1_D3_F00023,train
C08_S1_D3_F00024,train
C08_S1_D3_F00025,train
C08_S1_D3_F00026,train
C08_S1_D3_F00027,train
C08_S1_D3_F00028,train
C08_S1_D3_F00029,train
C08_S1_D3_F00030,test
C08_S1_D3_F00031,train
C08_S1_D3_F00032,train
C08_S1_D3_F00033,test
C08_S1_D3_F00034,validation
C08_S1_D3_F00035,train
C08_S1_D3_F00036,validation
C08_S1_D3_F00037,test
C08_S1_D3_F00038,train
C08_S1_D3_F00039,train
C08_S1_D3_F00040,train
C08_S1_D4_F00001,validation
C08_S1_D4_F00002,train
C08_S1_D4_F00003,train
C08_S1_D4_F00004,train
C08_S1_D4_F00005,train
C08_S1_D4_F00006,train
C08_S1_D4_F00007,train
C08_S1_D4_F00008,train
C08_S1_D4_F00009,validation
C08_S1_D4_F00010,validation
C08_S1_D4_F00011,train
C08_S1_D4_F00012,test
C08_S1_D4_F00013,train
C08_S1_D4_F00014,train
C08_S1_D4_F00015,train
C08_S1_D4_F00016,test
C08_S1_D4_F00017,train
C08_S1_D4_F00018,test
C08_S1_D4_F00019,train
C08_S1_D4_F00020,train
C08_S1_D4_F00021,train
C08_S1_D4_F00022,train
C08_S1_D4_F00023,train
C08_S1_D4_F00024,train
C08_S1_D4_F00025,test
C08_S1_D4_F00026,train
C08_S1_D4_F00027,train
C08_S1_D4_F00028,train
C08_S1_D4_F00029,validation
C08_S1_D4_F00030,train
C08_S1_D4_F00031,train
C08_S1_D4_F00032,train
C08_S1_D4_F00033,train
C08_S1_D4_F00034,validation
C08_S1_D4_F00035,test
C08_S1_D4_F00036,train
C08_S1_D4_F00037,test
C08_S1_D4_F00038,train
C08_S1_D4_F00039,validation
C08_S1_D4_F00040,train
C08_S2_D1_F00001,test
C08_S2_D1_F00002,train
C08_S2_D1_F00003,train
C08_S2_D1_F00004,train
C08_S2_D1_F00005,train
C08_S2_D1_F00006,validation
C08_S2_D1_F00007,train
C08_S2_D1_F00008,train
C08_S2_D1_F00009,train
C08_S2_D1_F00010,train
C08_S2_D1_F00011,validation
C08_S2_D1_F00012,train
C08_S2_D1_F00013,train
C08_S2_D1_F00014,train
C08_S2_D1_F00015,test
C08_S2_D1_F00016,validation
C08_S2_D1_F00017,train
C08_S2_D1_F00018,train
C08_S2_D1_F00019,test
C08_S2_D1_F00020,train
C08_S2_D1_F00021,train
C08_S2_D1_F00022,train
C08_S2_D1_F00023,train
C08_S2_D1_F00024,train
C08_S2_D1_F00025,test
C08_S2_D1_F00026,train
C08_S2_D1_F00027,validation
C08_S2_D1_F00028,test
C08_S2_D1_F00029,train
C08_S2_D1_F00030,train
C08_S2_D1_F00031,train
C08_S2_D1_F00032,train
C08_S2_D1_F00033,train
C08_S2_D1_F00034,validation
C08_S2_D1_F00035,train
C08_S2_D1_F00036,train
C08_S2_D1_F00037,train
C08_S2_D1_F00038,test
C08_S2_D1_F00039,train
C08_S2_D1_F00040,validation
C08_S2_D2_F00001,validation
C08_S2_D2_F00002,test
C08_S2_D2_F00003,train
C08_S2_D2_F00004,train
C08_S2_D2_F00005,test
C08_S2_D2_F00006,train
C08_S2_D2_F00007,train
C08_S2_D2_F00008,test
C08_S2_D2_F00009,train
C08_S2_D2_F00010,validation
C08_S2_D2_F00011,train
C08_S2_D2_F00012,train
C08_S2_D2_F00013,train
C08_S2_D2_F00014,validation
C08_S2_D2_F00015,train
C08_S2_D2_F00016,train
C08_S2_D2_F00017,train
C08_S2_D2_F00018,train
C08_S2_D2_F00019,train
C08_S2_D2_F00020,train
C08_S2_D2_F00021,train
C08_S2_D2_F00022,train
C08_S2_D2_F00023,validation
C08_S2_D2_F00024,train
C08_S2_D2_F00025,train
C08_S2_D2_F00026,test
C08_S2_D2_F00027,test
C08_S2_D2_F00028,train
C08_S2_D2_F00029,validation
C08_S2_D2_F00030,test
C08_S2_D2_F00031,train
C08_S2_D2_F00032,train
C08_S2_D2_F00033,train
C08_S2_D2_F00034,train
C08_S2_D2_F00035,train
C08_S2_D2_F00036,train
C08_S2_D2_F00037,train
C08_S2_D2_F00038,train
C08_S2_D2_F00039,train
C08_S2_D2_F00040,validation
C08_S2_D3_F00001,train
C08_S2_D3_F00002,train
C08_S2_D3_F00003,train
C08_S2_D3_F00004,train
C08_S2_D3_F00005,validation
C08_S2_D3_F00006,test
C08_S2_D3_F00007,train
C08_S2_D3_F00008,train
C08_S2_D3_F00009,test
C08_S2_D3_F00010,test
C08_S2_D3_F00011,validation
C08_S2_D3_F00012,train
C08_S2_D3_F00013,train
C08_S2_D3_F00014,train
C08_S2_D3_F00015,train
C08_S2_D3_F00016,validation
C08_S2_D3_F00017,train
C08_S2_D3_F00018,train
C08_S2_D3_F00019,train
C08_S2_D3_F00020,train
C08_S2_D3_F00021,test
C08_S2_D3_F00022,train
C08_S2_D3_F00023,train
C08_S2_D3_F00024,train
C08_S2_D3_F00025,train
C08_S2_D3_F00026,train
C08_S2_D3_F00027,validation
C08_S2_D3_F00028,train
C08_S2_D3_F00029,validation
C08_S2_D3_F00030,test
C08_S2_D3_F00031,train
C08_S2_D3_F00032,train
C08_S2_D3_F00033,train
C08_S2_D3_F00034,train
C08_S2_D3_F00035,validation
C08_S2_D3_F00036,test
C08_S2_D3_F00037,train
C08_S2_D3_F00038,train
C08_S2_D3_F00039,train
C08_S2_D3_F00040,train
C08_S2_D4_F00001,validation
C08_S2_D4_F00002,train
C08_S2_D4_F00003,train
C08_S2_D4_F00004,train
C08_S2_D4_F00005,train
C08_S2_D4_F00006,test
C08_S2_D4_F00007,train
C08_S2_D4_F00008,train
C08_S2_D4_F00009,train
C08_S2_D4_F00010,train
C08_S2_D4_F00011,train
C08_S2_D4_F00012,validation
C08_S2_D4_F00013,train
C08_S2_D4_F00014,test
C08_S2_D4_F00015,train
C08_S2_D4_F00016,train
C08_S2_D4_F00017,train
C08_S2_D4_F00018,test
C08_S2_D4_F00019,validation
C08_S2_D4_F00020,train
C08_S2_D4_F00021,train
C08_S2_D4_F00022,train
C08_S2_D4_F00023,train
C08_S2_D4_F00024,train
C08_S2_D4_F00025,train
C08_S2_D4_F00026,test
C08_S2_D4_F00027,train
C08_S2_D4_F00028,validation
C08_S2_D4_F00029,validation
C08_S2_D4_F00030,train
C08_S2_D4_F00031,train
C08_S2_D4_F00032,train
C08_S2_D4_F00033,train
C08_S2_D4_F00034,validation
C08_S2_D4_F00035,train
C08_S2_D4_F00036,test
C08_S2_D4_F00037,train
C08_S2_D4_F00038,test
C08_S2_D4_F00039,train
C08_S2_D4_F00040,train
C08_S3_D1_F00001,train
C08_S3_D1_F00002,train
C08_S3_D1_F00003,train
C08_S3_D1_F00004,validation
C08_S3_D1_F00005,validation
C08_S3_D1_F00006,train
C08_S3_D1_F00007,test
C08_S3_D1_F00008,test
C08_S3_D1_F00009,train
C08_S3_D1_F00010,train
C08_S3_D1_F00011,train
C08_S3_D1_F00012,train
C08_S3_D1_F00013,test
C08_S3_D1_F00014,train
C08_S3_D1_F00015,train
C08_S3_D1_F00016,validation
C08_S3_D1_F00017,train
C08_S3_D1_F00018,train
C08_S3_D1_F00019,train
C08_S3_D1_F00020,train
C08_S3_D1_F00021,train
C08_S3_D1_F00022,test
C08_S3_D1_F00023,train
C08_S3_D1_F00024,train
C08_S3_D1_F00025,train
C08_S3_D1_F00026,test
C08_S3_D1_F00027,train
C08_S3_D1_F00028,train
C08_S3_D1_F00029,validation
C08_S3_D1_F00030,train
C08_S3_D1_F00031,validation
C08_S3_D1_F00032,train
C08_S3_D1_F00033,train
C08_S3_D1_F00034,train
C08_S3_D1_F00035,train
C08_S3_D1_F00036,validation
C08_S3_D1_F00037,test
C08_S3_D1_F00038,train
C08_S3_D1_F00039,train
C08_S3_D1_F00040,train
C08_S3_D2_F00001,train
C08_S3_D2_F00002,validation
C08_S3_D2_F00003,train
C08_S3_D2_F00004,test
C08_S3_D2_F00005,train
C08_S3_D2_F00006,train
C08_S3_D2_F00007,train
C08_S3_D2_F00008,train
C08_S3_D2_F00009,test
C08_S3_D2_F00010,test
C08_S3_D2_F00011,train
C08_S3_D2_F00012,validation
C08_S3_D2_F00013,train
C08_S3_D2_F00014,train
C08_S3_D2_F00015,train
C08_S3_D2_F00016,train
C08_S3_D2_F00017,train
C08_S3_D2_F00018,train
C08_S3_D2_F00019,train
C08_S3_D2_F00020,validation
C08_S3_D2_F00021,test
C08_S3_D2_F00022,train
C08_S3_D2_F00023,train
C08_S3_D2_F00024,train
C08_S3_D2_F00025,test
C08_S3_D2_F00026,train
C08_S3_D2_F00027,train
C08_S3_D2_F00028,validation
C08_S3_D2_F00029,train
C08_S3_D2_F00030,validation
C08_S3_D2_F00031,train
C08_S3_D2_F00032,train
C08_S3_D2_F00033,train
C08_S3_D2_F00034,train
C08_S3_D2_F00035,test
C08_S3_D2_F00036,validation
C08_S3_D2_F00037,train
C08_S3_D2_F00038,train
C08_S3_D2_F00039,train
C08_S3_D2_F00040,train
C08_S3_D3_F00001,train
C08_S3_D3_F00002,train
C08_S3_D3_F00003,test
C08_S3_D3_F00004,train
C08_S3_D3_F00005,test
C08_S3_D3_F00006,train
C08_S3_D3_F00007,train
C08_S3_D3_F00008,train
C08_S3_D3_F00009,train
C08_S3_D3_F00010,train
C08_S3_D3_F00011,test
C08_S3_D3_F00012,validation
C08_S3_D3_F00013,train
C08_S3_D3_F00014,train
C08_S3_D3_F00015,train
C08_S3_D3_F00016,train
C08_S3_D3_F00017,validation
C08_S3_D3_F00018,validation
C08_S3_D3_F00019,train
C08_S3_D3_F00020,train
C08_S3_D3_F00021,test
C08_S3_D3_F00022,train
C08_S3_D3_F00023,train
C08_S3_D3_F00024,train
C08_S3_D3_F00025,train
C08_S3_D3_F00026,train
C08_S3_D3_F00027,validation
C08_S3_D3_F00028,train
C08_S3_D3_F00029,test
C08_S3_D3_F00030,train
C08_S3_D3_F00031,train
C08_S3_D3_F00032,train
C08_S3_D3_F00033,train
C08_S3_D3_F00034,train
C08_S3_D3_F00035,validation
C08_S3_D3_F00036,train
C08_S3_D3_F00037,test
C08_S3_D3_F00038,train
C08_S3_D3_F00039,train
C08_S3_D3_F00040,validation
C08_S3_D4_F00001,train
C08_S3_D4_F00002,train
C08_S3_D4_F00003,train
C08_S3_D4_F00004,train
C08_S3_D4_F00005,train
C08_S3_D4_F00006,train
C08_S3_D4_F00007,train
C08_S3_D4_F00008,test
C08_S3_D4_F00009,validation
C08_S3_D4_F00010,train
C08_S3_D4_F00011,train
C08_S3_D4_F00012,test
C08_S3_D4_F00013,validation
C08_S3_D4_F00014,test
C08_S3_D4_F00015,train
C08_S3_D4_F00016,validation
C08_S3_D4_F00017,train
C08_S3_D4_F00018,train
C08_S3_D4_F00019,train
C08_S3_D4_F00020,train
C08_S3_D4_F00021,train
C08_S3_D4_F00022,train
C08_S3_D4_F00023,validation
C08_S3_D4_F00024,train
C08_S3_D4_F00025,train
C08_S3_D4_F00026,train
C08_S3_D4_F00027,train
C08_S3_D4_F00028,train
C08_S3_D4_F00029,train
C08_S3_D4_F00030,validation
C08_S3_D4_F00031,train
C08_S3_D4_F00032,train
C08_S3_D4_F00033,train
C08_S3_D4_F00034,validation
C08_S3_D4_F00035,train
C08_S3_D4_F00036,test
C08_S3_D4_F00037,test
C08_S3_D4_F00038,test
C08_S3_D4_F00039,train
C08_S3_D4_F00040,train
C09_S1_D1_F00001,train
C09_S1_D1_F00002,train
C09_S1_D1_F00003,train
C09_S1_D1_F00004,test
C09_S1_D1_F00005,train
C09_S1_D1_F00006,validation
C09_S1_D1_F00007,train
C09_S1_D1_F00008,train
C09_S1_D1_F00009,train
C09_S1_D1_F00010,train
C09_S1_D1_F00011,train
C09_S1_D1_F00012,validation
C09_S1_D1_F00013,validation
C09_S1_D1_F00014,train
C09_S1_D1_F00015,test
C09_S1_D1_F00016,train
C09_S1_D1_F00017,train
C09_S1_D1_F00018,train
C09_S1_D1_F00019,train
C09_S1_D1_F00020,test
C09_S1_D1_F00021,train
C09_S1_D1_F00022,test
C09_S1_D1_F00023,train
C09_S1_D1_F00024,train
C09_S1_D1_F00025,validation
C09_S1_D1_F00026,validation
C09_S1_D1_F00027,train
C09_S1_D1_F00028,train
C09_S1_D1_F00029,train
C09_S1_D1_F00030,test
C09_S1_D1_F00031,train
C09_S1_D1_F00032,train
C09_S1_D1_F00033,validation
C09_S1_D1_F00034,train
C09_S1_D1_F00035,test
C09_S1_D1_F00036,train
C09_S1_D1_F00037,train
C09_S1_D1_F00038,train
C09_S1_D1_F00039,train
C09_S1_D1_F00040,train
C09_S1_D2_F00001,train
C09_S1_D2_F00002,train
C09_S1_D2_F00003,validation
C09_S1_D2_F00004,validation
C09_S1_D2_F00005,train
C09_S1_D2_F00006,train
C09_S1_D2_F00007,train
C09_S1_D2_F00008,train
C09_S1_D2_F00009,train
C09_S1_D2_F00010,train
C09_S1_D2_F00011,train
C09_S1_D2_F00012,train
C09_S1_D2_F00013,train
C09_S1_D2_F00014,test
C09_S1_D2_F00015,test
C09_S1_D2_F00016,train
C09_S1_D2_F00017,test
C09_S1_D2_F00018,validation
C09_S1_D2_F00019,train
C09_S1_D2_F00020,train
C09_S1_D2_F00021,train
C09_S1_D2_F00022,train
C09_S1_D2_F00023,train
C09_S1_D2_F00024,train
C09_S1_D2_F00025,train
C09_S1_D2_F00026,validation
C09_S1_D2_F00027,test
C09_S1_D2_F00028,train
C09_S1_D2_F00029,validation
C09_S1_D2_F00030,train
C09_S1_D2_F00031,train
C09_S1_D2_F00032,test
C09_S1_D2_F00033,train
C09_S1_D2_F00034,train
C09_S1_D2_F00035,test
C09_S1_D2_F00036,train
C09_S1_D2_F00037,train
C09_S1_D2_F00038,train
C09_S1_D2_F00039,validation
C09_S1_D2_F00040,train
C09_S1_D3_F00001,train
C09_S1_D3_F00002,train
C09_S1_D3_F00003,train
C09_S1_D3_F00004,test
C09_S1_D3_F00005,train
C09_S1_D3_F00006,train
C09_S1_D3_F00007,train
C09_S1_D3_F00008,train
C09_S1_D3_F00009,train
C09_S1_D3_F00010,test
C09_S1_D3_F00011,train
C09_S1_D3_F00012,train
C09_S1_D3_F00013,validation
C09_S1_D3_F00014,test
C09_S1_D3_F00015,train
C09_S1_D3_F00016,train
C09_S1_D3_F00017,validation
C09_S1_D3_F00018,validation
C09_S1_D3_F00019,train
C09_S1_D3_F00020,train
C09_S1_D3_F00021,train
C09_S1_D3_F00022,train
C09_S1_D3_F00023,test
C09_S1_D3_F00024,train
C09_S1_D3_F00025,validation
C09_S1_D3_F00026,train
C09_S1_D3_F00027,validation
C09_S1_D3_F00028,test
C09_S1_D3_F00029,train
C09_S1_D3_F00030,validation
C09_S1_D3_F00031,train
C09_S1_D3_F00032,train
C09_S1_D3_F00033,train
C09_S1_D3_F00034,train
C09_S1_D3_F00035,train
C09_S1_D3_F00036,test
C09_S1_D3_F00037,train
C09_S1_D3_F00038,train
C09_S1_D3_F00039,train
C09_S1_D3_F00040,train
C09_S1_D4_F00001,test
C09_S1_D4_F00002,train
C09_S1_D4_F00003,train
C09_S1_D4_F00004,train
C09_S1_D4_F00005,train
C09_S1_D4_F00006,train
C09_S1_D4_F00007,train
C09_S1_D4_F00008,train
C09_S1_D4_F00009,train
C09_S1_D4_F00010,validation
C09_S1_D4_F00011,validation
C09_S1_D4_F00012,train
C09_S1_D4_F00013,validation
C09_S1_D4_F00014,train
C09_S1_D4_F00015,train
C09_S1_D4_F00016,train
C09_S1_D4_F00017,test
C09_S1_D4_F00018,train
C09_S1_D4_F00019,train
C09_S1_D4_F00020,test
C09_S1_D4_F00021,train
C09_S1_D4_F00022,validation
C09_S1_D4_F00023,train
C09_S1_D4_F00024,train
C09_S1_D4_F00025,validation
C09_S1_D4_F00026,train
C09_S1_D4_F00027,train
C09_S1_D4_F00028,train
C09_S1_D4_F00029,validation
C09_S1_D4_F00030,train
C09_S1_D4_F00031,train
C09_S1_D4_F00032,train
C09_S1_D4_F00033,test
C09_S1_D4_F00034,train
C09_S1_D4_F00035,train
C09_S1_D4_F00036,train
C09_S1_D4_F00037,train
C09_S1_D4_F00038,train
C09_S1_D4_F00039,test
C09_S1_D4_F00040,test
C09_S2_D1_F00001,test
C09_S2_D1_F00002,train
C09_S2_D1_F00003,validation
C09_S2_D1_F00004,train
C09_S2_D1_F00005,train
C09_S2_D1_F00006,train
C09_S2_D1_F00007,validation
C09_S2_D1_F00008,train
C09_S2_D1_F00009,train
C09_S2_D1_F00010,train
C09_S2_D1_F00011,train
C09_S2_D1_F00012,train
C09_S2_D1_F00013,validation
C09_S2_D1_F00014,train
C09_S2_D1_F00015,test
C09_S2_D1_F00016,test
C09_S2_D1_F00017,train
C09_S2_D1_F00018,train
C09_S2_D1_F00019,train
C09_S2_D1_F00020,train
C09_S2_D1_F00021,train
C09_S2_D1_F00022,test
C09_S2_D1_F00023,train
C09_S2_D1_F00024,validation
C09_S2_D1_F00025,train
C09_S2_D1_F00026,test
C09_S2_D1_F00027,train
C09_S2_D1_F00028,validation
C09_S2_D1_F00029,train
C09_S2_D1_F00030,validation
C09_S2_D1_F00031,train
C09_S2_D1_F00032,train
C09_S2_D1_F00033,train
C09_S2_D1_F00034,train
C09_S2_D1_F00035,train
C09_S2_D1_F00036,test
C09_S2_D1_F00037,train
C09_S2_D1_F00038,train
C09_S2_D1_F00039,train
C09_S2_D1_F00040,train
C09_S2_D2_F00001,test
C09_S2_D2_F00002,train
C09_S2_D2_F00003,train
C09_S2_D2_F00004,validation
C09_S2_D2_F00005,validation
C09_S2_D2_F00006,train
C09_S2_D2_F00007,train
C09_S2_D2_F00008,train
C09_S2_D2_F00009,test
C09_S2_D2_F00010,train
C09_S2_D2_F00011,train
C09_S2_D2_F00012,train
C09_S2_D2_F00013,train
C09_S2_D2_F00014,test
C09_S2_D2_F00015,train
C09_S2_D2_F00016,train
C09_S2_D2_F00017,train
C09_S2_D2_F00018,train
C09_S2_D2_F00019,train
C09_S2_D2_F00020,validation
C09_S2_D2_F00021,train
C09_S2_D2_F00022,train
C09_S2_D2_F00023,validation
C09_S2_D2_F00024,validation
C09_S2_D2_F00025,train
C09_S2_D2_F00026,test
C09_S2_D2_F00027,train
C09_S2_D2_F00028,test
C09_S2_D2_F00029,train
C09_S2_D2_F00030,train
C09_S2_D2_F00031,validation
C09_S2_D2_F00032,train
C09_S2_D2_F00033,train
C09_S2_D2_F00034,train
C09_S2_D2_F00035,train
C09_S2_D2_F00036,train
C09_S2_D2_F00037,train
C09_S2_D2_F00038,train
C09_S2_D2_F00039,train
C09_S2_D2_F00040,test
C09_S2_D3_F00001,train
C09_S2_D3_F00002,test
C09_S2_D3_F00003,test
C09_S2_D3_F00004,test
C09_S2_D3_F00005,train
C09_S2_D3_F00006,train
C09_S2_D3_F00007,train
C09_S2_D3_F00008,train
C09_S2_D3_F00009,validation
C09_S2_D3_F00010,train
C09_S2_D3_F00011,train
C09_S2_D3_F00012,train
C09_S2_D3_F00013,train
C09_S2_D3_F00014,train
C09_S2_D3_F00015,train
C09_S2_D3_F00016,validation
C09_S2_D3_F00017,train
C09_S2_D3_F00018,validation
C09_S2_D3_F00019,train
C09_S2_D3_F00020,train
C09_S2_D3_F00021,train
C09_S2_D3_F00022,test
C09_S2_D3_F00023,train
C09_S2_D3_F00024,train
C09_S2_D3_F00025,validation
C09_S2_D3_F00026,train
C09_S2_D3_F00027,train
C09_S2_D3_F00028,validation
C09_S2_D3_F00029,train
C09_S2_D3_F00030,test
C09_S2_D3_F00031,train
C09_S2_D3_F00032,train
C09_S2_D3_F00033,train
C09_S2_D3_F00034,test
C09_S2_D3_F00035,train
C09_S2_D3_F00036,train
C09_S2_D3_F00037,train
C09_S2_D3_F00038,train
C09_S2_D3_F00039,validation
C09_S2_D3_F00040,train
C09_S2_D4_F00001,train
C09_S2_D4_F00002,train
C09_S2_D4_F00003,train
C09_S2_D4_F00004,train
C09_S2_D4_F00005,train
C09_S2_D4_F00006,train
C09_S2_D4_F00007,validation
C09_S2_D4_F00008,train
C09_S2_D4_F00009,train
C09_S2_D4_F00010,validation
C09_S2_D4_F00011,test
C09_S2_D4_F00012,train
C09_S2_D4_F00013,train
C09_S2_D4_F00014,train
C09_S2_D4_F00015,train
C09_S2_D4_F00016,test
C09_S2_D4_F00017,train
C09_S2_D4_F00018,train
C09_S2_D4_F00019,test
C09_S2_D4_F00020,validation
C09_S2_D4_F00021,test
C09_S2_D4_F00022,train
C09_S2_D4_F00023,train
C09_S2_D4_F00024,validation
C09_S2_D4_F00025,train
C09_S2_D4_F00026,test
C09_S2_D4_F00027,train
C09_S2_D4_F00028,train
C09_S2_D4_F00029,train
C09_S2_D4_F00030,test
C09_S2_D4_F00031,validation
C09_S2_D4_F00032,train
C09_S2_D4_F00033,train
C09_S2_D4_F00034,train
C09_S2_D4_F00035,validation
C09_S2_D4_F00036,train
C09_S2_D4_F00037,train
C09_S2_D4_F00038,train
C09_S2_D4_F00039,train
C09_S2_D4_F00040,train
C09_S3_D1_F00001,train
C09_S3_D1_F00002,train
C09_S3_D1_F00003,train
C09_S3_D1_F00004,test
C09_S3_D1_F00005,train
C09_S3_D1_F00006,train
C09_S3_D1_F00007,train
C09_S3_D1_F00008,train
C09_S3_D1_F00009,validation
C09_S3_D1_F00010,train
C09_S3_D1_F00011,train
C09_S3_D1_F00012,validation
C09_S3_D1_F00013,validation
C09_S3_D1_F00014,train
C09_S3_D1_F00015,train
C09_S3_D1_F00016,train
C09_S3_D1_F00017,train
C09_S3_D1_F00018,train
C09_S3_D1_F00019,test
C09_S3_D1_F00020,test
C09_S3_D1_F00021,validation
C09_S3_D1_F00022,train
C09_S3_D1_F00023,train
C09_S3_D1_F00024,validation
C09_S3_D1_F00025,train
C09_S3_D1_F00026,train
C09_S3_D1_F00027,train
C09_S3_D1_F00028,test
C09_S3_D1_F00029,train
C09_S3_D1_F00030,test
C09_S3_D1_F00031,train
C09_S3_D1_F00032,train
C09_S3_D1_F00033,train
C09_S3_D1_F00034,test
C09_S3_D1_F00035,validation
C09_S3_D1_F00036,train
C09_S3_D1_F00037,train
C09_S3_D1_F00038,train
C09_S3_D1_F00039,train
C09_S3_D1_F00040,train
C09_S3_D2_F00001,test
C09_S3_D2_F00002,train
C09_S3_D2_F00003,train
C09_S3_D2_F00004,train
C09_S3_D2_F00005,validation
C09_S3_D2_F00006,validation
C09_S3_D2_F00007,train
C09_S3_D2_F00008,validation
C09_S3_D2_F00009,train
C09_S3_D2_F00010,train
C09_S3_D2_F00011,train
C09_S3_D2_F00012,train
C09_S3_D2_F00013,train
C09_S3_D2_F00014,train
C09_S3_D2_F00015,train
C09_S3_D2_F00016,test
C09_S3_D2_F00017,train
C09_S3_D2_F00018,train
C09_S3_D2_F00019,test
C09_S3_D2_F00020,train
C09_S3_D2_F00021,train
C09_S3_D2_F00022,train
C09_S3_D2_F00023,train
C09_S3_D2_F00024,train
C09_S3_D2_F00025,train
C09_S3_D2_F00026,train
C09_S3_D2_F00027,validation
C09_S3_D2_F00028,test
C09_S3_D2_F00029,train
C09_S3_D2_F00030,train
C09_S3_D2_F00031,train
C09_S3_D2_F00032,train
C09_S3_D2_F00033,train
C09_S3_D2_F00034,test
C09_S3_D2_F00035,train
C09_S3_D2_F00036,train
C09_S3_D2_F00037,test
C09_S3_D2_F00038,train
C09_S3_D2_F00039,validation
C09_S3_D2_F00040,validation
C09_S3_D3_F00001,train
C09_S3_D3_F00002,train
C09_S3_D3_F00003,train
C09_S3_D3_F00004,train
C09_S3_D3_F00005,validation
C09_S3_D3_F00006,validation
C09_S3_D3_F00007,train
C09_S3_D3_F00008,validation
C09_S3_D3_F00009,test
C09_S3_D3_F00010,train
C09_S3_D3_F00011,train
C09_S3_D3_F00012,test
C09_S3_D3_F00013,train
C09_S3_D3_F00014,test
C09_S3_D3_F00015,train
C09_S3_D3_F00016,train
C09_S3_D3_F00017,train
C09_S3_D3_F00018,train
C09_S3_D3_F00019,train
C09_S3_D3_F00020,train
C09_S3_D3_F00021,train
C09_S3_D3_F00022,train
C09_S3_D3_F00023,train
C09_S3_D3_F00024,train
C09_S3_D3_F00025,validation
C09_S3_D3_F00026,test
C09_S3_D3_F00027,validation
C09_S3_D3_F00028,train
C09_S3_D3_F00029,train
C09_S3_D3_F00030,train
C09_S3_D3_F00031,test
C09_S3_D3_F00032,train
C09_S3_D3_F00033,validation
C09_S3_D3_F00034,test
C09_S3_D3_F00035,train
C09_S3_D3_F00036,train
C09_S3_D3_F00037,train
C09_S3_D3_F00038,train
C09_S3_D3_F00039,train
C09_S3_D3_F00040,train
C09_S3_D4_F00001,train
C09_S3_D4_F00002,train
C09_S3_D4_F00003,validation
C09_S3_D4_F00004,test
C09_S3_D4_F00005,test
C09_S3_D4_F00006,train
C09_S3_D4_F00007,train
C09_S3_D4_F00008,train
C09_S3_D4_F00009,validation
C09_S3_D4_F00010,train
C09_S3_D4_F00011,train
C09_S3_D4_F00012,train
C09_S3_D4_F00013,test
C09_S3_D4_F00014,train
C09_S3_D4_F00015,train
C09_S3_D4_F00016,train
C09_S3_D4_F00017,validation
C09_S3_D4_F00018,train
C09_S3_D4_F00019,train
C09_S3_D4_F00020,train
C09_S3_D4_F00021,validation
C09_S3_D4_F00022,train
C09_S3_D4_F00023,train
C09_S3_D4_F00024,train
C09_S3_D4_F00025,train
C09_S3_D4_F00026,train
C09_S3_D4_F00027,validation
C09_S3_D4_F00028,train
C09_S3_D4_F00029,test
C09_S3_D4_F00030,train
C09_S3_D4_F00031,train
C09_S3_D4_F00032,validation
C09_S3_D4_F00033,train
C09_S3_D4_F00034,train
C09_S3_D4_F00035,train
C09_S3_D4_F00036,test
C09_S3_D4_F00037,train
C09_S3_D4_F00038,test
C09_S3_D4_F00039,train
C09_S3_D4_F00040,train
C10_S1_D1_F00001,test
C10_S1_D1_F00002,train
C10_S1_D1_F00003,train
C10_S1_D1_F00004,test
C10_S1_D1_F00005,train
C10_S1_D1_F00006,train
C10_S1_D1_F00007,train
C10_S1_D1_F00008,train
C10_S1_D1_F00009,train
C10_S1_D1_F00010,train
C10_S1_D1_F00011,train
C10_S1_D1_F00012,train
C10_S1_D1_F00013,validation
C10_S1_D1_F00014,train
C10_S1_D1_F00015,test
C10_S1_D1_F00016,validation
C10_S1_D1_F00017,train
C10_S1_D1_F00018,validation
C10_S1_D1_F00019,train
C10_S1_D1_F00020,train
C10_S1_D1_F00021,train
C10_S1_D1_F00022,train
C10_S1_D1_F00023,validation
C10_S1_D1_F00024,train
C10_S1_D1_F00025,train
C10_S1_D1_F00026,test
C10_S1_D1_F00027,train
C10_S1_D1_F00028,validation
C10_S1_D1_F00029,train
C10_S1_D1_F00030,validation
C10_S1_D1_F00031,train
C10_S1_D1_F00032,test
C10_S1_D1_F00033,train
C10_S1_D1_F00034,test
C10_S1_D1_F00035,train
C10_S1_D1_F00036,train
C10_S1_D1_F00037,train
C10_S1_D1_F00038,train
C10_S1_D1_F00039,train
C10_S1_D1_F00040,train
C10_S1_D2_F00001,train
C10_S1_D2_F00002,train
C10_S1_D2_F00003,validation
C10_S1_D2_F00004,train
C10_S1_D2_F00005,test
C10_S1_D2_F00006,test
C10_S1_D2_F00007,train
C10_S1_D2_F00008,train
C10_S1_D2_F00009,train
C10_S1_D2_F00010,train
C10_S1_D2_F00011,validation
C10_S1_D2_F00012,train
C10_S1_D2_F00013,train
C10_S1_D2_F00014,train
C10_S1_D2_F00015,validation
C10_S1_D2_F00016,train
C10_S1_D2_F00017,train
C10_S1_D2_F00018,train
C10_S1_D2_F00019,test
C10_S1_D2_F00020,train
C10_S1_D2_F00021,train
C10_S1_D2_F00022,train
C10_S1_D2_F00023,train
C10_S1_D2_F00024,train
C10_S1_D2_F00025,test
C10_S1_D2_F00026,train
C10_S1_D2_F00027,train
C10_S1_D2_F00028,train
C10_S1_D2_F00029,train
C10_S1_D2_F00030,train
C10_S1_D2_F00031,test
C10_S1_D2_F00032,validation
C10_S1_D2_F00033,train
C10_S1_D2_F00034,validation
C10_S1_D2_F00035,validation
C10_S1_D2_F00036,train
C10_S1_D2_F00037,train
C10_S1_D2_F00038,train
C10_S1_D2_F00039,test
C10_S1_D2_F00040,train
C10_S1_D3_F00001,train
C10_S1_D3_F00002,train
C10_S1_D3_F00003,validation
C10_S1_D3_F00004,train
C10_S1_D3_F00005,train
C10_S1_D3_F00006,validation
C10_S1_D3_F00007,train
C10_S1_D3_F00008,train
C10_S1_D3_F00009,test
C10_S1_D3_F00010,train
C10_S1_D3_F00011,test
C10_S1_D3_F00012,train
C10_S1_D3_F00013,train
C10_S1_D3_F00014,test
C10_S1_D3_F00015,train
C10_S1_D3_F00016,train
C10_S1_D3_F00017,train
C10_S1_D3_F00018,validation
C10_S1_D3_F00019,train
C10_S1_D3_F00020,train
C10_S1_D3_F00021,test
C10_S1_D3_F00022,train
C10_S1_D3_F00023,train
C10_S1_D3_F00024,train
C10_S1_D3_F00025,train
C10_S1_D3_F00026,train
C10_S1_D3_F00027,test
C10_S1_D3_F00028,train
C10_S1_D3_F00029,train
C10_S1_D3_F00030,validation
C10_S1_D3_F00031,train
C10_S1_D3_F00032,validation
C10_S1_D3_F00033,train
C10_S1_D3_F00034,validation
C10_S1_D3_F00035,train
C10_S1_D3_F00036,train
C10_S1_D3_F00037,train
C10_S1_D3_F00038,train
C10_S1_D3_F00039,train
C10_S1_D3_F00040,test
C10_S1_D4_F00001,train
C10_S1_D4_F00002,train
C10_S1_D4_F00003,train
C10_S1_D4_F00004,test
C10_S1_D4_F00005,validation
C10_S1_D4_F00006,train
C10_S1_D4_F00007,test
C10_S1_D4_F00008,train
C10_S1_D4_F00009,train
C10_S1_D4_F00010,train
C10_S1_D4_F00011,train
C10_S1_D4_F00012,test
C10_S1_D4_F00013,train
C10_S1_D4_F00014,validation
C10_S1_D4_F00015,train
C10_S1_D4_F00016,validation
C10_S1_D4_F00017,train
C10_S1_D4_F00018,train
C10_S1_D4_F00019,train
C10_S1_D4_F00020,train
C10_S1_D4_F00021,train
C10_S1_D4_F00022,train
C10_S1_D4_F00023,train
C10_S1_D4_F00024,train
C10_S1_D4_F00025,train
C10_S1_D4_F00026,train
C10_S1_D4_F00027,train
C10_S1_D4_F00028,validation
C10_S1_D4_F00029,train
C10_S1_D4_F00030,train
C10_S1_D4_F00031,train
C10_S1_D4_F00032,train
C10_S1_D4_F00033,test
C10_S1_D4_F00034,train
C10_S1_D4_F00035,train
C10_S1_D4_F00036,train
C10_S1_D4_F00037,test
C10_S1_D4_F00038,validation
C10_S1_D4_F00039,validation
C10_S1_D4_F00040,test
C10_S2_D1_F00001,test
C10_S2_D1_F00002,train
C10_S2_D1_F00003,train
C10_S2_D1_F00004,train
C10_S2_D1_F00005,train
C10_S2_D1_F00006,train
C10_S2_D1_F00007,validation
C10_S2_D1_F00008,train
C10_S2_D1_F00009,validation
C10_S2_D1_F00010,train
C10_S2_D1_F00011,train
C10_S2_D1_F00012,train
C10_S2_D1_F00013,test
C10_S2_D1_F00014,validation
C10_S2_D1_F00015,train
C10_S2_D1_F00016,train
C10_S2_D1_F00017,train
C10_S2_D1_F00018,train
C10_S2_D1_F00019,test
C10_S2_D1_F00020,train
C10_S2_D1_F00021,validation
C10_S2_D1_F00022,train
C10_S2_D1_F00023,train
C10_S2_D1_F00024,train
C10_S2_D1_F00025,train
C10_S2_D1_F00026,train
C10_S2_D1_F00027,train
C10_S2_D1_F00028,train
C10_S2_D1_F00029,train
C10_S2_D1_F00030,test
C10_S2_D1_F00031,train
C10_S2_D1_F00032,train
C10_S2_D1_F00033,train
C10_S2_D1_F00034,train
C10_S2_D1_F00035,train
C10_S2_D1_F00036,validation
C10_S2_D1_F00037,train
C10_S2_D1_F00038,test
C10_S2_D1_F00039,test
C10_S2_D1_F00040,validation
C10_S2_D2_F00001,test
C10_S2_D2_F00002,train
C10_S2_D2_F00003,train
C10_S2_D2_F00004,test
C10_S2_D2_F00005,train
C10_S2_D2_F00006,train
C10_S2_D2_F00007,train
C10_S2_D2_F00008,train
C10_S2_D2_F00009,train
C10_S2_D2_F00010,train
C10_S2_D2_F00011,train
C10_S2_D2_F00012,validation
C10_S2_D2_F00013,test
C10_S2_D2_F00014,validation
C10_S2_D2_F00015,train
C10_S2_D2_F00016,train
C10_S2_D2_F00017,train
C10_S2_D2_F00018,validation
C10_S2_D2_F00019,train
C10_S2_D2_F00020,train
C10_S2_D2_F00021,train
C10_S2_D2_F00022,validation
C10_S2_D2_F00023,train
C10_S2_D2_F00024,train
C10_S2_D2_F00025,train
C10_S2_D2_F00026,train
C10_S2_D2_F00027,train
C10_S2_D2_F00028,train
C10_S2_D2_F00029,train
C10_S2_D2_F00030,test
C10_S2_D2_F00031,validation
C10_S2_D2_F00032,validation
C10_S2_D2_F00033,test
C10_S2_D2_F00034,train
C10_S2_D2_F00035,train
C10_S2_D2_F00036,test
C10_S2_D2_F00037,train
C10_S2_D2_F00038,train
C10_S2_D2_F00039,train
C10_S2_D2_F00040,train
C10_S2_D3_F00001,test
C10_S2_D3_F00002,train
C10_S2_D3_F00003,train
C10_S2_D3_F00004,test
C10_S2_D3_F00005,train
C10_S2_D3_F00006,train
C10_S2_D3_F00007,validation
C10_S2_D3_F00008,validation
C10_S2_D3_F00009,train
C10_S2_D3_F00010,train
C10_S2_D3_F00011,train
C10_S2_D3_F00012,train
C10_S2_D3_F00013,test
C10_S2_D3_F00014,validation
C10_S2_D3_F00015,train
C10_S2_D3_F00016,train
C10_S2_D3_F00017,train
C10_S2_D3_F00018,train
C10_S2_D3_F00019,train
C10_S2_D3_F00020,train
C10_S2_D3_F00021,train
C10_S2_D3_F00022,train
C10_S2_D3_F00023,train
C10_S2_D3_F00024,train
C10_S2_D3_F00025,train
C10_S2_D3_F00026,validation
C10_S2_D3_F00027,train
C10_S2_D3_F00028,train
C10_S2_D3_F00029,train
C10_S2_D3_F00030,validation
C10_S2_D3_F00031,train
C10_S2_D3_F00032,train
C10_S2_D3_F00033,train
C10_S2_D3_F00034,test
C10_S2_D3_F00035,train
C10_S2_D3_F00036,test
C10_S2_D3_F00037,train
C10_S2_D3_F00038,validation
C10_S2_D3_F00039,train
C10_S2_D3_F00040,test
C10_S2_D4_F00001,test
C10_S2_D4_F00002,validation
C10_S2_D4_F00003,train
C10_S2_D4_F00004,train
C10_S2_D4_F00005,test
C10_S2_D4_F00006,validation
C10_S2_D4_F00007,train
C10_S2_D4_F00008,train
C10_S2_D4_F00009,train
C10_S2_D4_F00010,test
C10_S2_D4_F00011,train
C10_S2_D4_F00012,train
C10_S2_D4_F00013,train
C10_S2_D4_F00014,train
C10_S2_D4_F00015,train
C10_S2_D4_F00016,validation
C10_S2_D4_F00017,train
C10_S2_D4_F00018,train
C10_S2_D4_F00019,train
C10_S2_D4_F00020,train
C10_S2_D4_F00021,train
C10_S2_D4_F00022,train
C10_S2_D4_F00023,train
C10_S2_D4_F00024,test
C10_S2_D4_F00025,train
C10_S2_D4_F00026,train
C10_S2_D4_F00027,train
C10_S2_D4_F00028,test
C10_S2_D4_F00029,train
C10_S2_D4_F00030,train
C10_S2_D4_F00031,validation
C10_S2_D4_F00032,train
C10_S2_D4_F00033,test
C10_S2_D4_F00034,train
C10_S2_D4_F00035,train
C10_S2_D4_F00036,train
C10_S2_D4_F00037,validation
C10_S2_D4_F00038,train
C10_S2_D4_F00039,validation
C10_S2_D4_F00040,train
C10_S3_D1_F00001,train
C10_S3_D1_F00002,test
C10_S3_D1_F00003,train
C10_S3_D1_F00004,train
C10_S3_D1_F00005,train
C10_S3_D1_F00006,validation
C10_S3_D1_F00007,test
C10_S3_D1_F00008,train
C10_S3_D1_F00009,train
C10_S3_D1_F00010,train
C10_S3_D1_F00011,train
C10_S3_D1_F00012,train
C10_S3_D1_F00013,train
C10_S3_D1_F00014,test
C10_S3_D1_F00015,train
C10_S3_D1_F00016,train
C10_S3_D1_F00017,validation
C10_S3_D1_F00018,train
C10_S3_D1_F00019,train
C10_S3_D1_F00020,validation
C10_S3_D1_F00021,test
C10_S3_D1_F00022,train
C10_S3_D1_F00023,validation
C10_S3_D1_F00024,train
C10_S3_D1_F00025,train
C10_S3_D1_F00026,test
C10_S3_D1_F00027,train
C10_S3_D1_F00028,train
C10_S3_D1_F00029,train
C10_S3_D1_F00030,train
C10_S3_D1_F00031,train
C10_S3_D1_F00032,train
C10_S3_D1_F00033,train
C10_S3_D1_F00034,validation
C10_S3_D1_F00035,test
C10_S3_D1_F00036,train
C10_S3_D1_F00037,train
C10_S3_D1_F00038,validation
C10_S3_D1_F00039,train
C10_S3_D1_F00040,train
C10_S3_D2_F00001,train
C10_S3_D2_F00002,test
C10_S3_D2_F00003,validation
C10_S3_D2_F00004,train
C10_S3_D2_F00005,train
C10_S3_D2_F00006,train
C10_S3_D2_F00007,train
C10_S3_D2_F00008,validation
C10_S3_D2_F00009,train
C10_S3_D2_F00010,train
C10_S3_D2_F00011,train
C10_S3_D2_F00012,test
C10_S3_D2_F00013,test
C10_S3_D2_F00014,train
C10_S3_D2_F00015,validation
C10_S3_D2_F00016,train
C10_S3_D2_F00017,train
C10_S3_D2_F00018,train
C10_S3_D2_F00019,train
C10_S3_D2_F00020,train
C10_S3_D2_F00021,validation
C10_S3_D2_F00022,train
C10_S3_D2_F00023,test
C10_S3_D2_F00024,test
C10_S3_D2_F00025,train
C10_S3_D2_F00026,test
C10_S3_D2_F00027,train
C10_S3_D2_F00028,train
C10_S3_D2_F00029,train
C10_S3_D2_F00030,train
C10_S3_D2_F00031,validation
C10_S3_D2_F00032,train
C10_S3_D2_F00033,train
C10_S3_D2_F00034,train
C10_S3_D2_F00035,validation
C10_S3_D2_F00036,train
C10_S3_D2_F00037,train
C10_S3_D2_F00038,train
C10_S3_D2_F00039,train
C10_S3_D2_F00040,train
C10_S3_D3_F00001,train
C10_S3_D3_F00002,train
C10_S3_D3_F00003,validation
C10_S3_D3_F00004,train
C10_S3_D3_F00005,test
C10_S3_D3_F00006,train
C10_S3_D3_F00007,train
C10_S3_D3_F00008,train
C10_S3_D3_F00009,validation
C10_S3_D3_F00010,train
C10_S3_D3_F00011,train
C10_S3_D3_F00012,test
C10_S3_D3_F00013,train
C10_S3_D3_F00014,validation
C10_S3_D3_F00015,test
C10_S3_D3_F00016,train
C10_S3_D3_F00017,train
C10_S3_D3_F00018,train
C10_S3_D3_F00019,train
C10_S3_D3_F00020,train
C10_S3_D3_F00021,train
C10_S3_D3_F00022,train
C10_S3_D3_F00023,validation
C10_S3_D3_F00024,train
C10_S3_D3_F00025,train
C10_S3_D3_F00026,train
C10_S3_D3_F00027,test
C10_S3_D3_F00028,train
C10_S3_D3_F00029,train
C10_S3_D3_F00030,train
C10_S3_D3_F00031,train
C10_S3_D3_F00032,train
C10_S3_D3_F00033,train
C10_S3_D3_F00034,train
C10_S3_D3_F00035,test
C10_S3_D3_F00036,test
C10_S3_D3_F00037,train
C10_S3_D3_F00038,train
C10_S3_D3_F00039,validation
C10_S3_D3_F00040,validation
C10_S3_D4_F00001,train
C10_S3_D4_F00002,train
C10_S3_D4_F00003,validation
C10_S3_D4_F00004,train
C10_S3_D4_F00005,train
C10_S3_D4_F00006,train
C10_S3_D4_F00007,validation
C10_S3_D4_F00008,train
C10_S3_D4_F00009,test
C10_S3_D4_F00010,train
C10_S3_D4_F00011,test
C10_S3_D4_F00012,test
C10_S3_D4_F00013,train
C10_S3_D4_F00014,validation
C10_S3_D4_F00015,train
C10_S3_D4_F00016,train
C10_S3_D4_F00017,train
C10_S3_D4_F00018,train
C10_S3_D4_F00019,train
C10_S3_D4_F00020,train
C10_S3_D4_F00021,train
C10_S3_D4_F00022,validation
C10_S3_D4_F00023,train
C10_S3_D4_F00024,validation
C10_S3_D4_F00025,test
C10_S3_D4_F00026,validation
C10_S3_D4_F00027,train
C10_S3_D4_F00028,train
C10_S3_D4_F00029,test
C10_S3_D4_F00030,train
C10_S3_D4_F00031,test
C10_S3_D4_F00032,train
C10_S3_D4_F00033,train
C10_S3_D4_F00034,train
C10_S3_D4_F00035,train
C10_S3_D4_F00036,train
C10_S3_D4_F00037,train
C10_S3_D4_F00038,train
C10_S3_D4_F00039,train
C10_S3_D4_F00040,train
C11_S1_D1_F00001,train
C11_S1_D1_F00002,validation
C11_S1_D1_F00003,test
C11_S1_D1_F00004,train
C11_S1_D1_F00005,train
C11_S1_D1_F00006,train
C11_S1_D1_F00007,train
C11_S1_D1_F00008,train
C11_S1_D1_F00009,train
C11_S1_D1_F00010,train
C11_S1_D1_F00011,test
C11_S1_D1_F00012,train
C11_S1_D1_F00013,train
C11_S1_D1_F00014,train
C11_S1_D1_F00015,train
C11_S1_D1_F00016,train
C11_S1_D1_F00017,validation
C11_S1_D1_F00018,test
C11_S1_D1_F00019,train
C11_S1_D1_F00020,validation
C11_S1_D1_F00021,test
C11_S1_D1_F00022,train
C11_S1_D1_F00023,train
C11_S1_D1_F00024,train
C11_S1_D1_F00025,train
C11_S1_D1_F00026,validation
C11_S1_D1_F00027,test
C11_S1_D1_F00028,validation
C11_S1_D1_F00029,train
C11_S1_D1_F00030,train
C11_S1_D1_F00031,train
C11_S1_D1_F00032,train
C11_S1_D1_F00033,train
C11_S1_D1_F00034,train
C11_S1_D1_F00035,validation
C11_S1_D1_F00036,train
C11_S1_D1_F00037,train
C11_S1_D1_F00038,train
C11_S1_D1_F00039,test
C11_S1_D1_F00040,train
C11_S1_D2_F00001,train
C11_S1_D2_F00002,validation
C11_S1_D2_F00003,train
C11_S1_D2_F00004,train
C11_S1_D2_F00005,test
C11_S1_D2_F00006,train
C11_S1_D2_F00007,train
C11_S1_D2_F00008,test
C11_S1_D2_F00009,train
C11_S1_D2_F00010,validation
C11_S1_D2_F00011,train
C11_S1_D2_F00012,train
C11_S1_D2_F00013,validation
C11_S1_D2_F00014,train
C11_S1_D2_F00015,train
C11_S1_D2_F00016,train
C11_S1_D2_F00017,test
C11_S1_D2_F00018,train
C11_S1_D2_F00019,train
C11_S1_D2_F00020,train
C11_S1_D2_F00021,train
C11_S1_D2_F00022,train
C11_S1_D2_F00023,train
C11_S1_D2_F00024,train
C11_S1_D2_F00025,train
C11_S1_D2_F00026,train
C11_S1_D2_F00027,train
C11_S1_D2_F00028,test
C11_S1_D2_F00029,test
C11_S1_D2_F00030,validation
C11_S1_D2_F00031,train
C11_S1_D2_F00032,train
C11_S1_D2_F00033,train
C11_S1_D2_F00034,train
C11_S1_D2_F00035,validation
C11_S1_D2_F00036,train
C11_S1_D2_F00037,test
C11_S1_D2_F00038,validation
C11_S1_D2_F00039,train
C11_S1_D2_F00040,train
C11_S1_D3_F00001,train
C11_S1_D3_F00002,train
C11_S1_D3_F00003,validation
C11_S1_D3_F00004,train
C11_S1_D3_F00005,train
C11_S1_D3_F00006,train
C11_S1_D3_F00007,train
C11_S1_D3_F00008,train
C11_S1_D3_F00009,validation
C11_S1_D3_F00010,train
C11_S1_D3_F00011,test
C11_S1_D3_F00012,train
C11_S1_D3_F00013,test
C11_S1_D3_F00014,train
C11_S1_D3_F00015,train
C11_S1_D3_F00016,train
C11_S1_D3_F00017,train
C11_S1_D3_F00018,validation
C11_S1_D3_F00019,test
C11_S1_D3_F00020,train
C11_S1_D3_F00021,train
C11_S1_D3_F00022,validation
C11_S1_D3_F00023,train
C11_S1_D3_F00024,train
C11_S1_D3_F00025,test
C11_S1_D3_F00026,test
C11_S1_D3_F00027,train
C11_S1_D3_F00028,train
C11_S1_D3_F00029,train
C11_S1_D3_F00030,train
C11_S1_D3_F00031,train
C11_S1_D3_F00032,train
C11_S1_D3_F00033,validation
C11_S1_D3_F00034,train
C11_S1_D3_F00035,train
C11_S1_D3_F00036,train
C11_S1_D3_F00037,train
C11_S1_D3_F00038,train
C11_S1_D3_F00039,validation
C11_S1_D3_F00040,test
C11_S1_D4_F00001,train
C11_S1_D4_F00002,validation
C11_S1_D4_F00003,train
C11_S1_D4_F00004,train
C11_S1_D4_F00005,train
C11_S1_D4_F00006,test
C11_S1_D4_F00007,train
C11_S1_D4_F00008,train
C11_S1_D4_F00009,train
C11_S1_D4_F00010,test
C11_S1_D4_F00011,train
C11_S1_D4_F00012,train
C11_S1_D4_F00013,train
C11_S1_D4_F00014,test
C11_S1_D4_F00015,validation
C11_S1_D4_F00016,train
C11_S1_D4_F00017,train
C11_S1_D4_F00018,train
C11_S1_D4_F00019,validation
C11_S1_D4_F00020,train
C11_S1_D4_F00021,train
C11_S1_D4_F00022,train
C11_S1_D4_F00023,train
C11_S1_D4_F00024,train
C11_S1_D4_F00025,test
C11_S1_D4_F00026,train
C11_S1_D4_F00027,train
C11_S1_D4_F00028,train
C11_S1_D4_F00029,train
C11_S1_D4_F00030,train
C11_S1_D4_F00031,train
C11_S1_D4_F00032,validation
C11_S1_D4_F00033,test
C11_S1_D4_F00034,train
C11_S1_D4_F00035,train
C11_S1_D4_F00036,validation
C11_S1_D4_F00037,train
C11_S1_D4_F00038,train
C11_S1_D4_F00039,test
C11_S1_D4_F00040,validation
C11_S2_D1_F00001,train
C11_S2_D1_F00002,train
C11_S2_D1_F00003,train
C11_S2_D1_F00004,train
C11_S2_D1_F00005,train
C11_S2_D1_F00006,train
C11_S2_D1_F00007,validation
C11_S2_D1_F00008,train
C11_S2_D1_F00009,validation
C11_S2_D1_F00010,test
C11_S2_D1_F00011,train
C11_S2_D1_F00012,train
C11_S2_D1_F00013,train
C11_S2_D1_F00014,test
C11_S2_D1_F00015,train
C11_S2_D1_F00016,train
C11_S2_D1_F00017,test
C11_S2_D1_F00018,train
C11_S2_D1_F00019,train
C11_S2_D1_F00020,validation
C11_S2_D1_F00021,train
C11_S2_D1_F00022,train
C11_S2_D1_F00023,train
C11_S2_D1_F00024,validation
C11_S2_D1_F00025,train
C11_S2_D1_F00026,train
C11_S2_D1_F00027,train
C11_S2_D1_F00028,test
C11_S2_D1_F00029,train
C11_S2_D1_F00030,validation
C11_S2_D1_F00031,train
C11_S2_D1_F00032,test
C11_S2_D1_F00033,train
C11_S2_D1_F00034,train
C11_S2_D1_F00035,train
C11_S2_D1_F00036,test
C11_S2_D1_F00037,train
C11_S2_D1_F00038,validation
C11_S2_D1_F00039,train
C11_S2_D1_F00040,train
C11_S2_D2_F00001,train
C11_S2_D2_F00002,train
C11_S2_D2_F00003,train
C11_S2_D2_F00004,train
C11_S2_D2_F00005,train
C11_S2_D2_F00006,test
C11_S2_D2_F00007,validation
C11_S2_D2_F00008,validation
C11_S2_D2_F00009,train
C11_S2_D2_F00010,train
C11_S2_D2_F00011,train
C11_S2_D2_F00012,train
C11_S2_D2_F00013,train
C11_S2_D2_F00014,train
C11_S2_D2_F00015,test
C11_S2_D2_F00016,train
C11_S2_D2_F00017,validation
C11_S2_D2_F00018,train
C11_S2_D2_F00019,test
C11_S2_D2_F00020,train
C11_S2_D2_F00021,train
C11_S2_D2_F00022,validation
C11_S2_D2_F00023,validation
C11_S2_D2_F00024,train
C11_S2_D2_F00025,train
C11_S2_D2_F00026,test
C11_S2_D2_F00027,train
C11_S2_D2_F00028,train
C11_S2_D2_F00029,train
C11_S2_D2_F00030,train
C11_S2_D2_F00031,train
C11_S2_D2_F00032,train
C11_S2_D2_F00033,train
C11_S2_D2_F00034,train
C11_S2_D2_F00035,test
C11_S2_D2_F00036,train
C11_S2_D2_F00037,train
C11_S2_D2_F00038,validation
C11_S2_D2_F00039,test
C11_S2_D2_F00040,train
C11_S2_D3_F00001,train
C11_S2_D3_F00002,validation
C11_S2_D3_F00003,train
C11_S2_D3_F00004,test
C11_S2_D3_F00005,train
C11_S2_D3_F00006,train
C11_S2_D3_F00007,train
C11_S2_D3_F00008,test
C11_S2_D3_F00009,train
C11_S2_D3_F00010,train
C11_S2_D3_F00011,train
C11_S2_D3_F00012,train
C11_S2_D3_F00013,train
C11_S2_D3_F00014,train
C11_S2_D3_F00015,train
C11_S2_D3_F00016,validation
C11_S2_D3_F00017,validation
C11_S2_D3_F00018,train
C11_S2_D3_F00019,test
C11_S2_D3_F00020,train
C11_S2_D3_F00021,train
C11_S2_D3_F00022,train
C11_S2_D3_F00023,train
C11_S2_D3_F00024,train
C11_S2_D3_F00025,train
C11_S2_D3_F00026,validation
C11_S2_D3_F00027,train
C11_S2_D3_F00028,test
C11_S2_D3_F00029,train
C11_S2_D3_F00030,validation
C11_S2_D3_F00031,test
C11_S2_D3_F00032,train
C11_S2_D3_F00033,train
C11_S2_D3_F00034,train
C11_S2_D3_F00035,train
C11_S2_D3_F00036,train
C11_S2_D3_F00037,test
C11_S2_D3_F00038,validation
C11_S2_D3_F00039,train
C11_S2_D3_F00040,train
C11_S2_D4_F00001,train
C11_S2_D4_F00002,validation
C11_S2_D4_F00003,train
C11_S2_D4_F00004,validation
C11_S2_D4_F00005,validation
C11_S2_D4_F00006,train
C11_S2_D4_F00007,train
C11_S2_D4_F00008,train
C11_S2_D4_F00009,train
C11_S2_D4_F00010,test
C11_S2_D4_F00011,test
C11_S2_D4_F00012,test
C11_S2_D4_F00013,train
C11_S2_D4_F00014,train
C11_S2_D4_F00015,train
C11_S2_D4_F00016,train
C11_S2_D4_F00017,train
C11_S2_D4_F00018,train
C11_S2_D4_F00019,train
C11_S2_D4_F00020,train
C11_S2_D4_F00021,train
C11_S2_D4_F00022,train
C11_S2_D4_F00023,train
C11_S2_D4_F00024,train
C11_S2_D4_F00025,test
C11_S2_D4_F00026,train
C11_S2_D4_F00027,train
C11_S2_D4_F00028,validation
C11_S2_D4_F00029,train
C11_S2_D4_F00030,train
C11_S2_D4_F00031,train
C11_S2_D4_F00032,train
C11_S2_D4_F00033,train
C11_S2_D4_F00034,train
C11_S2_D4_F00035,test
C11_S2_D4_F00036,train
C11_S2_D4_F00037,test
C11_S2_D4_F00038,validation
C11_S2_D4_F00039,train
C11_S2_D4_F00040,validation
C11_S3_D1_F00001,train
C11_S3_D1_F00002,validation
C11_S3_D1_F00003,validation
C11_S3_D1_F00004,train
C11_S3_D1_F00005,train
C11_S3_D1_F00006,train
C11_S3_D1_F00007,train
C11_S3_D1_F00008,test
C11_S3_D1_F00009,train
C11_S3_D1_F00010,train
C11_S3_D1_F00011,test
C11_S3_D1_F00012,validation
C11_S3_D1_F00013,train
C11_S3_D1_F00014,train
C11_S3_D1_F00015,train
C11_S3_D1_F00016,train
C11_S3_D1_F00017,train
C11_S3_D1_F00018,test
C11_S3_D1_F00019,train
C11_S3_D1_F00020,train
C11_S3_D1_F00021,train
C11_S3_D1_F00022,train
C11_S3_D1_F00023,train
C11_S3_D1_F00024,train
C11_S3_D1_F00025,test
C11_S3_D1_F00026,train
C11_S3_D1_F00027,validation
C11_S3_D1_F00028,train
C11_S3_D1_F00029,train
C11_S3_D1_F00030,train
C11_S3_D1_F00031,train
C11_S3_D1_F00032,train
C11_S3_D1_F00033,test
C11_S3_D1_F00034,train
C11_S3_D1_F00035,train
C11_S3_D1_F00036,test
C11_S3_D1_F00037,validation
C11_S3_D1_F00038,validation
C11_S3_D1_F00039,train
C11_S3_D1_F00040,train
C11_S3_D2_F00001,train
C11_S3_D2_F00002,train
C11_S3_D2_F00003,test
C11_S3_D2_F00004,train
C11_S3_D2_F00005,validation
C11_S3_D2_F00006,test
C11_S3_D2_F00007,train
C11_S3_D2_F00008,validation
C11_S3_D2_F00009,train
C11_S3_D2_F00010,validation
C11_S3_D2_F00011,train
C11_S3_D2_F00012,train
C11_S3_D2_F00013,train
C11_S3_D2_F00014,train
C11_S3_D2_F00015,train
C11_S3_D2_F00016,train
C11_S3_D2_F00017,train
C11_S3_D2_F00018,train
C11_S3_D2_F00019,train
C11_S3_D2_F00020,test
C11_S3_D2_F00021,train
C11_S3_D2_F00022,train
C11_S3_D2_F00023,train
C11_S3_D2_F00024,train
C11_S3_D2_F00025,test
C11_S3_D2_F00026,train
C11_S3_D2_F00027,test
C11_S3_D2_F00028,train
C11_S3_D2_F00029,train
C11_S3_D2_F00030,train
C11_S3_D2_F00031,train
C11_S3_D2_F00032,validation
C11_S3_D2_F00033,test
C11_S3_D2_F00034,validation
C11_S3_D2_F00035,train
C11_S3_D2_F00036,validation
C11_S3_D2_F00037,train
C11_S3_D2_F00038,train
C11_S3_D2_F00039,train
C11_S3_D2_F00040,train
C11_S3_D3_F00001,validation
C11_S3_D3_F00002,train
C11_S3_D3_F00003,train
C11_S3_D3_F00004,train
C11_S3_D3_F00005,train
C11_S3_D3_F00006,train
C11_S3_D3_F00007,train
C11_S3_D3_F00008,train
C11_S3_D3_F00009,test
C11_S3_D3_F00010,train
C11_S3_D3_F00011,train
C11_S3_D3_F00012,validation
C11_S3_D3_F00013,train
C11_S3_D3_F00014,train
C11_S3_D3_F00015,train
C11_S3_D3_F00016,test
C11_S3_D3_F00017,train
C11_S3_D3_F00018,test
C11_S3_D3_F00019,validation
C11_S3_D3_F00020,train
C11_S3_D3_F00021,validation
C11_S3_D3_F00022,validation
C11_S3_D3_F00023,train
C11_S3_D3_F00024,train
C11_S3_D3_F00025,train
C11_S3_D3_F00026,train
C11_S3_D3_F00027,train
C11_S3_D3_F00028,train
C11_S3_D3_F00029,train
C11_S3_D3_F00030,train
C11_S3_D3_F00031,validation
C11_S3_D3_F00032,train
C11_S3_D3_F00033,test
C11_S3_D3_F00034,train
C11_S3_D3_F00035,test
C11_S3_D3_F00036,train
C11_S3_D3_F00037,train
C11_S3_D3_F00038,test
C11_S3_D3_F00039,train
C11_S3_D3_F00040,train
C11_S3_D4_F00001,train
C11_S3_D4_F00002,test
C11_S3_D4_F00003,test
C11_S3_D4_F00004,validation
C11_S3_D4_F00005,train
C11_S3_D4_F00006,train
C11_S3_D4_F00007,train
C11_S3_D4_F00008,train
C11_S3_D4_F00009,train
C11_S3_D4_F00010,train
C11_S3_D4_F00011,train
C11_S3_D4_F00012,test
C11_S3_D4_F00013,train
C11_S3_D4_F00014,train
C11_S3_D4_F00015,validation
C11_S3_D4_F00016,train
C11_S3_D4_F00017,train
C11_S3_D4_F00018,train
C11_S3_D4_F00019,validation
C11_S3_D4_F00020,train
C11_S3_D4_F00021,train
C11_S3_D4_F00022,test
C11_S3_D4_F00023,train
C11_S3_D4_F00024,test
C11_S3_D4_F00025,validation
C11_S3_D4_F00026,train
C11_S3_D4_F00027,train
C11_S3_D4_F00028,test
C11_S3_D4_F00029,train
C11_S3_D4_F00030,train
C11_S3_D4_F00031,train
C11_S3_D4_F00032,train
C11_S3_D4_F00033,train
C11_S3_D4_F00034,train
C11_S3_D4_F00035,train
C11_S3_D4_F00036,train
C11_S3_D4_F00037,train
C11_S3_D4_F00038,validation
C11_S3_D4_F00039,validation
C11_S3_D4_F00040,train
C12_S1_D1_F00001,validation
C12_S1_D1_F00002,validation
C12_S1_D1_F00003,train
C12_S1_D1_F00004,train
C12_S1_D1_F00005,train
C12_S1_D1_F00006,train
C12_S1_D1_F00007,train
C12_S1_D1_F00008,train
C12_S1_D1_F00009,train
C12_S1_D1_F00010,validation
C12_S1_D1_F00011,test
C12_S1_D1_F00012,train
C12_S1_D1_F00013,train
C12_S1_D1_F00014,train
C12_S1_D1_F00015,train
C12_S1_D1_F00016,train
C12_S1_D1_F00017,test
C12_S1_D1_F00018,train
C12_S1_D1_F00019,train
C12_S1_D1_F00020,test
C12_S1_D1_F00021,train
C12_S1_D1_F00022,train
C12_S1_D1_F00023,test
C12_S1_D1_F00024,validation
C12_S1_D1_F00025,train
C12_S1_D1_F00026,test
C12_S1_D1_F00027,train
C12_S1_D1_F00028,train
C12_S1_D1_F00029,train
C12_S1_D1_F00030,train
C12_S1_D1_F00031,train
C12_S1_D1_F00032,train
C12_S1_D1_F00033,train
C12_S1_D1_F00034,train
C12_S1_D1_F00035,validation
C12_S1_D1_F00036,validation
C12_S1_D1_F00037,train
C12_S1_D1_F00038,train
C12_S1_D1_F00039,train
C12_S1_D1_F00040,test
C12_S1_D2_F00001,train
C12_S1_D2_F00002,train
C12_S1_D2_F00003,train
C12_S1_D2_F00004,train
C12_S1_D2_F00005,train
C12_S1_D2_F00006,validation
C12_S1_D2_F00007,train
C12_S1_D2_F00008,test
C12_S1_D2_F00009,train
C12_S1_D2_F00010,train
C12_S1_D2_F00011,test
C12_S1_D2_F00012,train
C12_S1_D2_F00013,validation
C12_S1_D2_F00014,train
C12_S1_D2_F00015,train
C12_S1_D2_F00016,train
C12_S1_D2_F00017,train
C12_S1_D2_F00018,test
C12_S1_D2_F00019,train
C12_S1_D2_F00020,validation
C12_S1_D2_F00021,train
C12_S1_D2_F00022,train
C12_S1_D2_F00023,test
C12_S1_D2_F00024,train
C12_S1_D2_F00025,validation
C12_S1_D2_F00026,train
C12_S1_D2_F00027,train
C12_S1_D2_F00028,train
C12_S1_D2_F00029,train
C12_S1_D2_F00030,train
C12_S1_D2_F00031,validation
C12_S1_D2_F00032,test
C12_S1_D2_F00033,train
C12_S1_D2_F00034,train
C12_S1_D2_F00035,train
C12_S1_D2_F00036,test
C12_S1_D2_F00037,validation
C12_S1_D2_F00038,train
C12_S1_D2_F00039,train
C12_S1_D2_F00040,train
C12_S1_D3_F00001,train
C12_S1_D3_F00002,validation
C12_S1_D3_F00003,train
C12_S1_D3_F00004,train
C12_S1_D3_F00005,train
C12_S1_D3_F00006,train
C12_S1_D3_F00007,train
C12_S1_D3_F00008,train
C12_S1_D3_F00009,train
C12_S1_D3_F00010,train
C12_S1_D3_F00011,test
C12_S1_D3_F00012,validation
C12_S1_D3_F00013,train
C12_S1_D3_F00014,validation
C12_S1_D3_F00015,train
C12_S1_D3_F00016,train
C12_S1_D3_F00017,train
C12_S1_D3_F00018,test
C12_S1_D3_F00019,test
C12_S1_D3_F00020,train
C12_S1_D3_F00021,train
C12_S1_D3_F00022,train
C12_S1_D3_F00023,train
C12_S1_D3_F00024,train
C12_S1_D3_F00025,train
C12_S1_D3_F00026,test
C12_S1_D3_F00027,train
C12_S1_D3_F00028,train
C12_S1_D3_F00029,validation
C12_S1_D3_F00030,test
C12_S1_D3_F00031,validation
C12_S1_D3_F00032,train
C12_S1_D3_F00033,train
C12_S1_D3_F00034,train
C12_S1_D3_F00035,train
C12_S1_D3_F00036,test
C12_S1_D3_F00037,train
C12_S1_D3_F00038,validation
C12_S1_D3_F00039,train
C12_S1_D3_F00040,train
C12_S1_D4_F00001,test
C12_S1_D4_F00002,train
C12_S1_D4_F00003,validation
C12_S1_D4_F00004,test
C12_S1_D4_F00005,train
C12_S1_D4_F00006,test
C12_S1_D4_F00007,validation
C12_S1_D4_F00008,validation
C12_S1_D4_F00009,train
C12_S1_D4_F00010,train
C12_S1_D4_F00011,train
C12_S1_D4_F00012,train
C12_S1_D4_F00013,train
C12_S1_D4_F00014,train
C12_S1_D4_F00015,train
C12_S1_D4_F00016,train
C12_S1_D4_F00017,train
C12_S1_D4_F00018,train
C12_S1_D4_F00019,train
C12_S1_D4_F00020,train
C12_S1_D4_F00021,test
C12_S1_D4_F00022,train
C12_S1_D4_F00023,train
C12_S1_D4_F00024,test
C12_S1_D4_F00025,train
C12_S1_D4_F00026,train
C12_S1_D4_F00027,train
C12_S1_D4_F00028,train
C12_S1_D4_F00029,validation
C12_S1_D4_F00030,validation
C12_S1_D4_F00031,train
C12_S1_D4_F00032,train
C12_S1_D4_F00033,train
C12_S1_D4_F00034,train
C12_S1_D4_F00035,train
C12_S1_D4_F00036,train
C12_S1_D4_F00037,train
C12_S1_D4_F00038,test
C12_S1_D4_F00039,train
C12_S1_D4_F00040,validation
C12_S2_D1_F00001,train
C12_S2_D1_F00002,test
C12_S2_D1_F00003,train
C12_S2_D1_F00004,test
C12_S2_D1_F00005,train
C12_S2_D1_F00006,train
C12_S2_D1_F00007,validation
C12_S2_D1_F00008,validation
C12_S2_D1_F00009,train
C12_S2_D1_F00010,train
C12_S2_D1_F00011,train
C12_S2_D1_F00012,train
C12_S2_D1_F00013,train
C12_S2_D1_F00014,train
C12_S2_D1_F00015,train
C12_S2_D1_F00016,test
C12_S2_D1_F00017,validation
C12_S2_D1_F00018,train
C12_S2_D1_F00019,train
C12_S2_D1_F00020,train
C12_S2_D1_F00021,validation
C12_S2_D1_F00022,train
C12_S2_D1_F00023,test
C12_S2_D1_F00024,train
C12_S2_D1_F00025,train
C12_S2_D1_F00026,train
C12_S2_D1_F00027,train
C12_S2_D1_F00028,train
C12_S2_D1_F00029,train
C12_S2_D1_F00030,validation
C12_S2_D1_F00031,train
C12_S2_D1_F00032,train
C12_S2_D1_F00033,train
C12_S2_D1_F00034,test
C12_S2_D1_F00035,train
C12_S2_D1_F00036,train
C12_S2_D1_F00037,train
C12_S2_D1_F00038,validation
C12_S2_D1_F00039,train
C12_S2_D1_F00040,test
C12_S2_D2_F00001,validation
C12_S2_D2_F00002,train
C12_S2_D2_F00003,train
C12_S2_D2_F00004,train
C12_S2_D2_F00005,train
C12_S2_D2_F00006,train
C12_S2_D2_F00007,train
C12_S2_D2_F00008,train
C12_S2_D2_F00009,train
C12_S2_D2_F00010,test
C12_S2_D2_F00011,train
C12_S2_D2_F00012,train
C12_S2_D2_F00013,validation
C12_S2_D2_F00014,train
C12_S2_D2_F00015,validation
C12_S2_D2_F00016,train
C12_S2_D2_F00017,test
C12_S2_D2_F00018,test
C12_S2_D2_F00019,train
C12_S2_D2_F00020,train
C12_S2_D2_F00021,test
C12_S2_D2_F00022,test
C12_S2_D2_F00023,train
C12_S2_D2_F00024,train
C12_S2_D2_F00025,train
C12_S2_D2_F00026,train
C12_S2_D2_F00027,train
C12_S2_D2_F00028,train
C12_S2_D2_F00029,train
C12_S2_D2_F00030,train
C12_S2_D2_F00031,train
C12_S2_D2_F00032,train
C12_S2_D2_F00033,train
C12_S2_D2_F00034,train
C12_S2_D2_F00035,validation
C12_S2_D2_F00036,test
C12_S2_D2_F00037,validation
C12_S2_D2_F00038,train
C12_S2_D2_F00039,train
C12_S2_D2_F00040,validation
C12_S2_D3_F00001,train
C12_S2_D3_F00002,validation
C12_S2_D3_F00003,train
C12_S2_D3_F00004,test
C12_S2_D3_F00005,train
C12_S2_D3_F00006,train
C12_S2_D3_F00007,train
C12_S2_D3_F00008,train
C12_S2_D3_F00009,train
C12_S2_D3_F00010,train
C12_S2_D3_F00011,validation
C12_S2_D3_F00012,validation
C12_S2_D3_F00013,train
C12_S2_D3_F00014,train
C12_S2_D3_F00015,train
C12_S2_D3_F00016,train
C12_S2_D3_F00017,train
C12_S2_D3_F00018,test
C12_S2_D3_F00019,test
C12_S2_D3_F00020,train
C12_S2_D3_F00021,train
C12_S2_D3_F00022,train
C12_S2_D3_F00023,validation
C12_S2_D3_F00024,train
C12_S2_D3_F00025,test
C12_S2_D3_F00026,train
C12_S2_D3_F00027,train
C12_S2_D3_F00028,test
C12_S2_D3_F00029,train
C12_S2_D3_F00030,train
C12_S2_D3_F00031,train
C12_S2_D3_F00032,validation
C12_S2_D3_F00033,train
C12_S2_D3_F00034,train
C12_S2_D3_F00035,train
C12_S2_D3_F00036,validation
C12_S2_D3_F00037,train
C12_S2_D3_F00038,train
C12_S2_D3_F00039,test
C12_S2_D3_F00040,train
C12_S2_D4_F00001,train
C12_S2_D4_F00002,test
C12_S2_D4_F00003,train
C12_S2_D4_F00004,train
C12_S2_D4_F00005,train
C12_S2_D4_F00006,train
C12_S2_D4_F00007,train
C12_S2_D4_F00008,train
C12_S2_D4_F00009,train
C12_S2_D4_F00010,validation
C12_S2_D4_F00011,train
C12_S2_D4_F00012,train
C12_S2_D4_F00013,train
C12_S2_D4_F00014,train
C12_S2_D4_F00015,train
C12_S2_D4_F00016,test
C12_S2_D4_F00017,train
C12_S2_D4_F00018,validation
C12_S2_D4_F00019,test
C12_S2_D4_F00020,validation
C12_S2_D4_F00021,train
C12_S2_D4_F00022,train
C12_S2_D4_F00023,train
C12_S2_D4_F00024,train
C12_S2_D4_F00025,train
C12_S2_D4_F00026,validation
C12_S2_D4_F00027,train
C12_S2_D4_F00028,train
C12_S2_D4_F00029,validation
C12_S2_D4_F00030,train
C12_S2_D4_F00031,train
C12_S2_D4_F00032,test
C12_S2_D4_F00033,test
C12_S2_D4_F00034,train
C12_S2_D4_F00035,train
C12_S2_D4_F00036,train
C12_S2_D4_F00037,validation
C12_S2_D4_F00038,train
C12_S2_D4_F00039,test
C12_S2_D4_F00040,train
C12_S3_D1_F00001,train
C12_S3_D1_F00002,test
C12_S3_D1_F00003,validation
C12_S3_D1_F00004,train
C12_S3_D1_F00005,validation
C12_S3_D1_F00006,test
C12_S3_D1_F00007,train
C12_S3_D1_F00008,test
C12_S3_D1_F00009,train
C12_S3_D1_F00010,train
C12_S3_D1_F00011,train
C12_S3_D1_F00012,train
C12_S3_D1_F00013,train
C12_S3_D1_F00014,train
C12_S3_D1_F00015,validation
C12_S3_D1_F00016,train
C12_S3_D1_F00017,train
C12_S3_D1_F00018,train
C12_S3_D1_F00019,train
C12_S3_D1_F00020,train
C12_S3_D1_F00021,train
C12_S3_D1_F00022,validation
C12_S3_D1_F00023,train
C12_S3_D1_F00024,validation
C12_S3_D1_F00025,train
C12_S3_D1_F00026,test
C12_S3_D1_F00027,train
C12_S3_D1_F00028,train
C12_S3_D1_F00029,test
C12_S3_D1_F00030,train
C12_S3_D1_F00031,train
C12_S3_D1_F00032,train
C12_S3_D1_F00033,train
C12_S3_D1_F00034,train
C12_S3_D1_F00035,train
C12_S3_D1_F00036,test
C12_S3_D1_F00037,train
C12_S3_D1_F00038,train
C12_S3_D1_F00039,train
C12_S3_D1_F00040,validation
C12_S3_D2_F00001,validation
C12_S3_D2_F00002,train
C12_S3_D2_F00003,train
C12_S3_D2_F00004,test
C12_S3_D2_F00005,train
C12_S3_D2_F00006,train
C12_S3_D2_F00007,train
C12_S3_D2_F00008,validation
C12_S3_D2_F00009,validation
C12_S3_D2_F00010,train
C12_S3_D2_F00011,train
C12_S3_D2_F00012,train
C12_S3_D2_F00013,train
C12_S3_D2_F00014,test
C12_S3_D2_F00015,test
C12_S3_D2_F00016,train
C12_S3_D2_F00017,train
C12_S3_D2_F00018,train
C12_S3_D2_F00019,train
C12_S3_D2_F00020,train
C12_S3_D2_F00021,train
C12_S3_D2_F00022,train
C12_S3_D2_F00023,train
C12_S3_D2_F00024,train
C12_S3_D2_F00025,train
C12_S3_D2_F00026,test
C12_S3_D2_F00027,train
C12_S3_D2_F00028,train
C12_S3_D2_F00029,train
C12_S3_D2_F00030,train
C12_S3_D2_F00031,validation
C12_S3_D2_F00032,train
C12_S3_D2_F00033,validation
C12_S3_D2_F00034,test
C12_S3_D2_F00035,train
C12_S3_D2_F00036,validation
C12_S3_D2_F00037,train
C12_S3_D2_F00038,train
C12_S3_D2_F00039,train
C12_S3_D2_F00040,test
C12_S3_D3_F00001,validation
C12_S3_D3_F00002,test
C12_S3_D3_F00003,train
C12_S3_D3_F00004,train
C12_S3_D3_F00005,train
C12_S3_D3_F00006,train
C12_S3_D3_F00007,train
C12_S3_D3_F00008,train
C12_S3_D3_F00009,validation
C12_S3_D3_F00010,train
C12_S3_D3_F00011,validation
C12_S3_D3_F00012,test
C12_S3_D3_F00013,train
C12_S3_D3_F00014,test
C12_S3_D3_F00015,train
C12_S3_D3_F00016,train
C12_S3_D3_F00017,train
C12_S3_D3_F00018,train
C12_S3_D3_F00019,train
C12_S3_D3_F00020,train
C12_S3_D3_F00021,test
C12_S3_D3_F00022,train
C12_S3_D3_F00023,train
C12_S3_D3_F00024,train
C12_S3_D3_F00025,train
C12_S3_D3_F00026,train
C12_S3_D3_F00027,test
C12_S3_D3_F00028,train
C12_S3_D3_F00029,train
C12_S3_D3_F00030,validation
C12_S3_D3_F00031,train
C12_S3_D3_F00032,train
C12_S3_D3_F00033,train
C12_S3_D3_F00034,test
C12_S3_D3_F00035,train
C12_S3_D3_F00036,validation
C12_S3_D3_F00037,train
C12_S3_D3_F00038,train
C12_S3_D3_F00039,validation
C12_S3_D3_F00040,train
C12_S3_D4_F00001,validation
C12_S3_D4_F00002,train
C12_S3_D4_F00003,train
C12_S3_D4_F00004,train
C12_S3_D4_F00005,train
C12_S3_D4_F00006,validation
C12_S3_D4_F00007,train
C12_S3_D4_F00008,train
C12_S3_D4_F00009,test
C12_S3_D4_F00010,train
C12_S3_D4_F00011,train
C12_S3_D4_F00012,train
C12_S3_D4_F00013,train
C12_S3_D4_F00014,train
C12_S3_D4_F00015,test
C12_S3_D4_F00016,train
C12_S3_D4_F00017,train
C12_S3_D4_F00018,validation
C12_S3_D4_F00019,train
C12_S3_D4_F00020,test
C12_S3_D4_F00021,validation
C12_S3_D4_F00022,train
C12_S3_D4_F00023,train
C12_S3_D4_F00024,test
C12_S3_D4_F00025,train
C12_S3_D4_F00026,train
C12_S3_D4_F00027,train
C12_S3_D4_F00028,train
C12_S3_D4_F00029,train
C12_S3_D4_F00030,validation
C12_S3_D4_F00031,validation
C12_S3_D4_F00032,test
C12_S3_D4_F00033,train
C12_S3_D4_F00034,train
C12_S3_D4_F00035,train
C12_S3_D4_F00036,test
C12_S3_D4_F00037,train
C12_S3_D4_F00038,train
C12_S3_D4_F00039,train
C12_S3_D4_F00040,train
